Fitness,Depth,Nodes,Generations,time_since_the_start_of_the_evolution,seed,genotype_as_str
2.0,1,1,1,0.42575979232788086,70233,NT_0005_P_00003(__a=NT_0002_P_00003())
2.0,1,1,2,0.7810511589050293,70233,NT_0005_P_00003(__a=NT_0002_P_00003())
0.0,1,1,3,1.2456591129302979,70233,NT_0005_P_00003(__a=NT_0002_P_00004())
