Fitness,Depth,Nodes,Generations,time_since_the_start_of_the_evolution,seed,genotype_as_str
32.0,3,3,1,0.6763544082641602,40960,"NT_0007_P_00002(__a=NT_0001_P_00002(), __b=NT_0001_P_00001(__a=14, __b=NT_0001_P_00001(__a=7, __b=NT_0001_P_00002(), __c=93), __c=80), __c=0)"
16.0,6,7,2,1.2664079666137695,40960,"NT_0007_P_00002(__a=NT_0001_P_00001(__a=16, __b=NT_0001_P_00001(__a=29, __b=NT_0001_P_00001(__a=58, __b=NT_0001_P_00001(__a=73, __b=NT_0001_P_00001(__a=37, __b=NT_0001_P_00002(), __c=79), __c=52), __c=82), __c=82), __c=91), __b=NT_0001_P_00001(__a=63, __b=NT_0001_P_00002(), __c=91), __c=41)"
16.0,6,7,3,1.6799323558807373,40960,"NT_0007_P_00002(__a=NT_0001_P_00001(__a=16, __b=NT_0001_P_00001(__a=29, __b=NT_0001_P_00001(__a=58, __b=NT_0001_P_00001(__a=73, __b=NT_0001_P_00001(__a=37, __b=NT_0001_P_00002(), __c=79), __c=52), __c=82), __c=82), __c=91), __b=NT_0001_P_00001(__a=63, __b=NT_0001_P_00002(), __c=91), __c=41)"
16.0,6,7,4,1.9178962707519531,40960,"NT_0007_P_00002(__a=NT_0001_P_00001(__a=16, __b=NT_0001_P_00001(__a=29, __b=NT_0001_P_00001(__a=58, __b=NT_0001_P_00001(__a=73, __b=NT_0001_P_00001(__a=37, __b=NT_0001_P_00002(), __c=79), __c=52), __c=82), __c=82), __c=91), __b=NT_0001_P_00001(__a=63, __b=NT_0001_P_00002(), __c=91), __c=41)"
4.0,11,12,5,2.213416814804077,40960,"NT_0007_P_00002(__a=NT_0001_P_00001(__a=16, __b=NT_0001_P_00001(__a=29, __b=NT_0001_P_00001(__a=58, __b=NT_0001_P_00001(__a=73, __b=NT_0001_P_00001(__a=3, __b=NT_0001_P_00001(__a=65, __b=NT_0001_P_00001(__a=34, __b=NT_0001_P_00001(__a=57, __b=NT_0001_P_00001(__a=52, __b=NT_0001_P_00000(__a=NT_0000_P_00002()), __c=15), __c=51), __c=48), __c=80), __c=43), __c=52), __c=82), __c=82), __c=91), __b=NT_0001_P_00001(__a=63, __b=NT_0001_P_00002(), __c=91), __c=41)"
0.0,7,11,6,2.4649436473846436,40960,"NT_0007_P_00002(__a=NT_0001_P_00001(__a=25, __b=NT_0001_P_00001(__a=41, __b=NT_0001_P_00001(__a=39, __b=NT_0001_P_00001(__a=90, __b=NT_0001_P_00002(), __c=74), __c=45), __c=16), __c=80), __b=NT_0001_P_00001(__a=73, __b=NT_0001_P_00001(__a=73, __b=NT_0001_P_00001(__a=73, __b=NT_0001_P_00001(__a=73, __b=NT_0001_P_00001(__a=35, __b=NT_0001_P_00001(__a=29, __b=NT_0001_P_00002(), __c=64), __c=91), __c=17), __c=96), __c=17), __c=96), __c=71)"
