Fitness,Depth,Nodes,Generations,time_since_the_start_of_the_evolution,seed,genotype_as_str
10.0,7,7,1,0.20502042770385742,376,NT_0014_P_00000(__a=NT_0014_P_00000(__a=NT_0014_P_00000(__a=NT_0014_P_00000(__a=NT_0014_P_00000(__a=NT_0014_P_00000(__a=NT_0014_P_00001(__a=NT_0013_P_00002())))))))
8.0,5,5,2,0.42758941650390625,376,NT_0014_P_00000(__a=NT_0014_P_00000(__a=NT_0014_P_00000(__a=NT_0014_P_00000(__a=NT_0014_P_00002(__a=NT_0008_P_00000())))))
6.0,6,6,3,0.6122891902923584,376,NT_0014_P_00000(__a=NT_0014_P_00000(__a=NT_0014_P_00000(__a=NT_0014_P_00000(__a=NT_0014_P_00000(__a=NT_0014_P_00002(__a=NT_0008_P_00000()))))))
6.0,6,6,4,0.872502326965332,376,NT_0014_P_00000(__a=NT_0014_P_00000(__a=NT_0014_P_00000(__a=NT_0014_P_00000(__a=NT_0014_P_00000(__a=NT_0014_P_00002(__a=NT_0008_P_00000()))))))
6.0,6,6,5,1.1557552814483643,376,NT_0014_P_00000(__a=NT_0014_P_00000(__a=NT_0014_P_00000(__a=NT_0014_P_00000(__a=NT_0014_P_00000(__a=NT_0014_P_00002(__a=NT_0008_P_00000()))))))
4.0,7,7,6,1.3697199821472168,376,NT_0014_P_00000(__a=NT_0014_P_00000(__a=NT_0014_P_00000(__a=NT_0014_P_00000(__a=NT_0014_P_00000(__a=NT_0014_P_00000(__a=NT_0014_P_00002(__a=NT_0008_P_00000())))))))
4.0,7,7,7,1.5832791328430176,376,NT_0014_P_00000(__a=NT_0014_P_00000(__a=NT_0014_P_00000(__a=NT_0014_P_00000(__a=NT_0014_P_00000(__a=NT_0014_P_00000(__a=NT_0014_P_00002(__a=NT_0008_P_00000())))))))
2.0,8,8,8,1.8892083168029785,376,NT_0014_P_00000(__a=NT_0014_P_00000(__a=NT_0014_P_00000(__a=NT_0014_P_00000(__a=NT_0014_P_00000(__a=NT_0014_P_00000(__a=NT_0014_P_00000(__a=NT_0014_P_00002(__a=NT_0008_P_00000()))))))))
0.0,9,9,9,2.075376033782959,376,NT_0014_P_00000(__a=NT_0014_P_00000(__a=NT_0014_P_00000(__a=NT_0014_P_00000(__a=NT_0014_P_00000(__a=NT_0014_P_00000(__a=NT_0014_P_00000(__a=NT_0014_P_00000(__a=NT_0014_P_00002(__a=NT_0008_P_00000())))))))))
