Fitness,Depth,Nodes,Generations,time_since_the_start_of_the_evolution,seed,genotype_as_str
9.0,4,4,1,0.18437767028808594,10487,"NT_0010_P_00000(__a=NT_0009_P_00000(__a=38, __b=NT_0009_P_00000(__a=18, __b=NT_0009_P_00000(__a=50, __b=NT_0009_P_00002()))))"
9.0,4,4,2,0.3452889919281006,10487,"NT_0010_P_00000(__a=NT_0009_P_00000(__a=38, __b=NT_0009_P_00000(__a=18, __b=NT_0009_P_00000(__a=50, __b=NT_0009_P_00002()))))"
9.0,4,4,3,0.5078139305114746,10487,"NT_0010_P_00000(__a=NT_0009_P_00000(__a=38, __b=NT_0009_P_00000(__a=18, __b=NT_0009_P_00000(__a=50, __b=NT_0009_P_00002()))))"
3.0,6,6,4,0.6390151977539062,10487,"NT_0010_P_00000(__a=NT_0009_P_00000(__a=38, __b=NT_0009_P_00000(__a=18, __b=NT_0009_P_00000(__a=38, __b=NT_0009_P_00000(__a=18, __b=NT_0009_P_00000(__a=50, __b=NT_0009_P_00002()))))))"
0.0,7,7,5,0.8356389999389648,10487,"NT_0010_P_00000(__a=NT_0009_P_00000(__a=38, __b=NT_0009_P_00000(__a=18, __b=NT_0009_P_00000(__a=38, __b=NT_0009_P_00000(__a=38, __b=NT_0009_P_00000(__a=18, __b=NT_0009_P_00000(__a=50, __b=NT_0009_P_00002())))))))"
