Fitness,Depth,Nodes,Generations,time_since_the_start_of_the_evolution,seed,genotype_as_str
4.0,5,5,1,0.1318826675415039,162,NT_0003_P_00002(__a=NT_0003_P_00002(__a=NT_0003_P_00002(__a=NT_0003_P_00002(__a=NT_0003_P_00001(__a=True)))))
2.0,6,6,2,0.2413790225982666,162,NT_0003_P_00002(__a=NT_0003_P_00002(__a=NT_0003_P_00002(__a=NT_0003_P_00002(__a=NT_0003_P_00002(__a=NT_0003_P_00001(__a=True))))))
2.0,6,6,3,0.3664679527282715,162,NT_0003_P_00002(__a=NT_0003_P_00002(__a=NT_0003_P_00002(__a=NT_0003_P_00002(__a=NT_0003_P_00002(__a=NT_0003_P_00001(__a=True))))))
2.0,6,6,4,0.5233101844787598,162,NT_0003_P_00002(__a=NT_0003_P_00002(__a=NT_0003_P_00002(__a=NT_0003_P_00002(__a=NT_0003_P_00002(__a=NT_0003_P_00001(__a=True))))))
2.0,6,6,5,0.6657915115356445,162,NT_0003_P_00002(__a=NT_0003_P_00002(__a=NT_0003_P_00002(__a=NT_0003_P_00002(__a=NT_0003_P_00002(__a=NT_0003_P_00001(__a=True))))))
0.0,7,7,6,0.8778939247131348,162,NT_0003_P_00002(__a=NT_0003_P_00002(__a=NT_0003_P_00002(__a=NT_0003_P_00002(__a=NT_0003_P_00002(__a=NT_0003_P_00002(__a=NT_0003_P_00001(__a=False)))))))
