Fitness,Depth,Nodes,Generations,time_since_the_start_of_the_evolution,seed,genotype_as_str
12.0,9,9,1,0.15769457817077637,20207,NT_0003_P_00000(__a=NT_0003_P_00000(__a=NT_0003_P_00000(__a=NT_0003_P_00000(__a=NT_0003_P_00000(__a=NT_0003_P_00000(__a=NT_0003_P_00000(__a=NT_0003_P_00001(__a=NT_0000_P_00000(__a=True)))))))))
4.0,13,13,2,0.3476893901824951,20207,NT_0003_P_00000(__a=NT_0003_P_00000(__a=NT_0003_P_00000(__a=NT_0003_P_00000(__a=NT_0003_P_00000(__a=NT_0003_P_00000(__a=NT_0003_P_00000(__a=NT_0003_P_00000(__a=NT_0003_P_00000(__a=NT_0003_P_00000(__a=NT_0003_P_00000(__a=NT_0003_P_00001(__a=NT_0000_P_00000(__a=True)))))))))))))
2.0,14,14,3,0.5712759494781494,20207,NT_0003_P_00000(__a=NT_0003_P_00000(__a=NT_0003_P_00000(__a=NT_0003_P_00000(__a=NT_0003_P_00000(__a=NT_0003_P_00000(__a=NT_0003_P_00000(__a=NT_0003_P_00000(__a=NT_0003_P_00000(__a=NT_0003_P_00000(__a=NT_0003_P_00000(__a=NT_0003_P_00000(__a=NT_0003_P_00001(__a=NT_0000_P_00000(__a=True))))))))))))))
0.0,15,15,4,0.8652575016021729,20207,NT_0003_P_00000(__a=NT_0003_P_00000(__a=NT_0003_P_00000(__a=NT_0003_P_00000(__a=NT_0003_P_00000(__a=NT_0003_P_00000(__a=NT_0003_P_00000(__a=NT_0003_P_00000(__a=NT_0003_P_00000(__a=NT_0003_P_00000(__a=NT_0003_P_00000(__a=NT_0003_P_00000(__a=NT_0003_P_00000(__a=NT_0003_P_00001(__a=NT_0000_P_00000(__a=False)))))))))))))))
