Fitness,Depth,Nodes,Generations,time_since_the_start_of_the_evolution,seed,genotype_as_str
8.0,7,7,1,0.22355890274047852,240,"NT_0003_P_00002(__a=NT_0003_P_00002(__a=NT_0003_P_00002(__a=NT_0003_P_00002(__a=NT_0003_P_00003(__a=NT_0000_P_00002(__a=NT_0000_P_00002(__a=NT_0000_P_00000())), __b=0)))))"
6.0,4,4,2,0.4412713050842285,240,"NT_0003_P_00002(__a=NT_0003_P_00002(__a=NT_0003_P_00002(__a=NT_0003_P_00003(__a=NT_0000_P_00000(), __b=75))))"
6.0,4,4,3,0.719383955001831,240,"NT_0003_P_00002(__a=NT_0003_P_00002(__a=NT_0003_P_00002(__a=NT_0003_P_00003(__a=NT_0000_P_00000(), __b=75))))"
2.0,6,6,4,0.9797825813293457,240,"NT_0003_P_00002(__a=NT_0003_P_00002(__a=NT_0003_P_00002(__a=NT_0003_P_00002(__a=NT_0003_P_00002(__a=NT_0003_P_00003(__a=NT_0000_P_00000(), __b=0))))))"
0.0,7,7,5,1.2317490577697754,240,"NT_0003_P_00002(__a=NT_0003_P_00002(__a=NT_0003_P_00002(__a=NT_0003_P_00002(__a=NT_0003_P_00002(__a=NT_0003_P_00002(__a=NT_0003_P_00003(__a=NT_0000_P_00000(), __b=58)))))))"
