Fitness,Depth,Nodes,Generations,time_since_the_start_of_the_evolution,seed,genotype_as_str
4.0,2,2,1,0.06831097602844238,10985,"NT_0017_P_00003(__a=NT_0004_P_00000(__a=40, __b=True))"
4.0,2,2,2,0.1749892234802246,10985,"NT_0017_P_00003(__a=NT_0004_P_00000(__a=40, __b=True))"
0.0,2,2,3,0.26298093795776367,10985,NT_0017_P_00003(__a=NT_0004_P_00003(__a=45))
