Fitness,Depth,Nodes,Generations,time_since_the_start_of_the_evolution,seed,genotype_as_str
5.0,6,6,1,0.10861921310424805,20130,"NT_0009_P_00000(__a=NT_0002_P_00000(__a=NT_0000_P_00003(__a=NT_0000_P_00003(__a=NT_0000_P_00000(__a=False, __b=NT_0000_P_00003(__a=NT_0000_P_00001(), __b=1)), __b=25), __b=4), __b=NT_0002_P_00001()))"
5.0,6,6,2,0.25919222831726074,20130,"NT_0009_P_00000(__a=NT_0002_P_00000(__a=NT_0000_P_00003(__a=NT_0000_P_00003(__a=NT_0000_P_00000(__a=False, __b=NT_0000_P_00003(__a=NT_0000_P_00001(), __b=1)), __b=25), __b=4), __b=NT_0002_P_00001()))"
5.0,6,6,3,0.38451552391052246,20130,"NT_0009_P_00000(__a=NT_0002_P_00000(__a=NT_0000_P_00003(__a=NT_0000_P_00003(__a=NT_0000_P_00000(__a=False, __b=NT_0000_P_00003(__a=NT_0000_P_00001(), __b=1)), __b=25), __b=4), __b=NT_0002_P_00001()))"
5.0,6,6,4,0.5313122272491455,20130,"NT_0009_P_00000(__a=NT_0002_P_00000(__a=NT_0000_P_00003(__a=NT_0000_P_00003(__a=NT_0000_P_00000(__a=False, __b=NT_0000_P_00003(__a=NT_0000_P_00001(), __b=1)), __b=25), __b=4), __b=NT_0002_P_00001()))"
3.0,9,9,5,0.7783892154693604,20130,"NT_0009_P_00000(__a=NT_0002_P_00000(__a=NT_0000_P_00003(__a=NT_0000_P_00003(__a=NT_0000_P_00000(__a=False, __b=NT_0000_P_00003(__a=NT_0000_P_00003(__a=NT_0000_P_00000(__a=False, __b=NT_0000_P_00003(__a=NT_0000_P_00001(), __b=1)), __b=25), __b=4)), __b=25), __b=4), __b=NT_0002_P_00001()))"
1.0,10,10,6,1.0047595500946045,20130,"NT_0009_P_00000(__a=NT_0002_P_00000(__a=NT_0000_P_00003(__a=NT_0000_P_00003(__a=NT_0000_P_00003(__a=NT_0000_P_00003(__a=NT_0000_P_00003(__a=NT_0000_P_00003(__a=NT_0000_P_00000(__a=False, __b=NT_0000_P_00003(__a=NT_0000_P_00001(), __b=1)), __b=25), __b=4), __b=25), __b=4), __b=25), __b=4), __b=NT_0002_P_00001()))"
1.0,10,10,7,1.2540159225463867,20130,"NT_0009_P_00000(__a=NT_0002_P_00000(__a=NT_0000_P_00003(__a=NT_0000_P_00003(__a=NT_0000_P_00003(__a=NT_0000_P_00003(__a=NT_0000_P_00003(__a=NT_0000_P_00003(__a=NT_0000_P_00000(__a=False, __b=NT_0000_P_00003(__a=NT_0000_P_00001(), __b=1)), __b=25), __b=4), __b=25), __b=4), __b=25), __b=4), __b=NT_0002_P_00001()))"
0.0,12,12,8,1.534196138381958,20130,"NT_0009_P_00000(__a=NT_0002_P_00000(__a=NT_0000_P_00003(__a=NT_0000_P_00003(__a=NT_0000_P_00003(__a=NT_0000_P_00003(__a=NT_0000_P_00003(__a=NT_0000_P_00000(__a=False, __b=NT_0000_P_00003(__a=NT_0000_P_00003(__a=NT_0000_P_00000(__a=False, __b=NT_0000_P_00003(__a=NT_0000_P_00001(), __b=1)), __b=25), __b=4)), __b=25), __b=25), __b=4), __b=25), __b=4), __b=NT_0002_P_00001()))"
