Fitness,Depth,Nodes,Generations,time_since_the_start_of_the_evolution,seed,genotype_as_str
4.0,3,3,1,0.08687520027160645,10364,"NT_0002_P_00000(__a=NT_0001_P_00001(__a=NT_0001_P_00001(__a=NT_0001_P_00002())), __b=False)"
4.0,3,3,2,0.17423653602600098,10364,"NT_0002_P_00000(__a=NT_0001_P_00001(__a=NT_0001_P_00001(__a=NT_0001_P_00002())), __b=False)"
3.0,4,4,3,0.281679630279541,10364,"NT_0002_P_00000(__a=NT_0001_P_00001(__a=NT_0001_P_00001(__a=NT_0001_P_00001(__a=NT_0001_P_00002()))), __b=False)"
3.0,4,4,4,0.41384148597717285,10364,"NT_0002_P_00000(__a=NT_0001_P_00001(__a=NT_0001_P_00001(__a=NT_0001_P_00001(__a=NT_0001_P_00002()))), __b=False)"
2.0,5,5,5,0.4855642318725586,10364,"NT_0002_P_00000(__a=NT_0001_P_00001(__a=NT_0001_P_00001(__a=NT_0001_P_00001(__a=NT_0001_P_00001(__a=NT_0001_P_00002())))), __b=False)"
0.0,7,7,6,0.6256506443023682,10364,"NT_0002_P_00000(__a=NT_0001_P_00001(__a=NT_0001_P_00001(__a=NT_0001_P_00001(__a=NT_0001_P_00001(__a=NT_0001_P_00001(__a=NT_0001_P_00001(__a=NT_0001_P_00003())))))), __b=False)"
