Fitness,Depth,Nodes,Generations,time_since_the_start_of_the_evolution,seed,genotype_as_str
10.0,7,9,1,0.2315833568572998,951,"NT_0007_P_00002(__a=NT_0006_P_00000(__a=NT_0003_P_00001(__a=NT_0003_P_00001(__a=NT_0003_P_00001(__a=NT_0003_P_00001(__a=NT_0003_P_00002(__a=False))))), __b=NT_0003_P_00001(__a=NT_0003_P_00002(__a=False))))"
8.0,8,10,2,0.32511162757873535,951,"NT_0007_P_00002(__a=NT_0006_P_00000(__a=NT_0003_P_00001(__a=NT_0003_P_00001(__a=NT_0003_P_00001(__a=NT_0003_P_00001(__a=NT_0003_P_00001(__a=NT_0003_P_00002(__a=False)))))), __b=NT_0003_P_00001(__a=NT_0003_P_00002(__a=False))))"
8.0,8,10,3,0.4237806797027588,951,"NT_0007_P_00002(__a=NT_0006_P_00000(__a=NT_0003_P_00001(__a=NT_0003_P_00001(__a=NT_0003_P_00001(__a=NT_0003_P_00001(__a=NT_0003_P_00001(__a=NT_0003_P_00002(__a=False)))))), __b=NT_0003_P_00001(__a=NT_0003_P_00002(__a=False))))"
8.0,8,10,4,0.5668191909790039,951,"NT_0007_P_00002(__a=NT_0006_P_00000(__a=NT_0003_P_00001(__a=NT_0003_P_00001(__a=NT_0003_P_00001(__a=NT_0003_P_00001(__a=NT_0003_P_00001(__a=NT_0003_P_00002(__a=False)))))), __b=NT_0003_P_00001(__a=NT_0003_P_00002(__a=False))))"
8.0,8,10,5,0.7046506404876709,951,"NT_0007_P_00002(__a=NT_0006_P_00000(__a=NT_0003_P_00001(__a=NT_0003_P_00001(__a=NT_0003_P_00001(__a=NT_0003_P_00001(__a=NT_0003_P_00001(__a=NT_0003_P_00002(__a=False)))))), __b=NT_0003_P_00001(__a=NT_0003_P_00002(__a=False))))"
6.0,6,6,6,0.8506624698638916,951,NT_0007_P_00001(__a=NT_0003_P_00001(__a=NT_0003_P_00001(__a=NT_0003_P_00001(__a=NT_0003_P_00001(__a=NT_0003_P_00002(__a=False))))))
2.0,8,8,7,0.9643113613128662,951,NT_0007_P_00001(__a=NT_0003_P_00001(__a=NT_0003_P_00001(__a=NT_0003_P_00001(__a=NT_0003_P_00001(__a=NT_0003_P_00001(__a=NT_0003_P_00001(__a=NT_0003_P_00002(__a=False))))))))
2.0,8,8,8,1.0941424369812012,951,NT_0007_P_00001(__a=NT_0003_P_00001(__a=NT_0003_P_00001(__a=NT_0003_P_00001(__a=NT_0003_P_00001(__a=NT_0003_P_00001(__a=NT_0003_P_00001(__a=NT_0003_P_00002(__a=False))))))))
0.0,9,9,9,1.310532808303833,951,NT_0007_P_00001(__a=NT_0003_P_00001(__a=NT_0003_P_00001(__a=NT_0003_P_00001(__a=NT_0003_P_00001(__a=NT_0003_P_00001(__a=NT_0003_P_00001(__a=NT_0003_P_00001(__a=NT_0003_P_00002(__a=False)))))))))
