Fitness,Depth,Nodes,Generations,time_since_the_start_of_the_evolution,seed,genotype_as_str
19.0,8,9,1,0.35978126525878906,10121,"NT_0007_P_00000(__a=NT_0005_P_00001(__a=NT_0005_P_00001(__a=NT_0005_P_00000(__a=NT_0005_P_00001(__a=NT_0005_P_00002(__a=36, __b=NT_0003_P_00002(__a=NT_0000_P_00001(__a=41, __b=24))))))), __b=NT_0001_P_00001(__a=53))"
10.0,11,12,2,0.7194657325744629,10121,"NT_0007_P_00000(__a=NT_0005_P_00001(__a=NT_0005_P_00001(__a=NT_0005_P_00000(__a=NT_0005_P_00001(__a=NT_0005_P_00000(__a=NT_0005_P_00000(__a=NT_0005_P_00001(__a=NT_0005_P_00002(__a=38, __b=NT_0003_P_00002(__a=NT_0000_P_00002(__a=87)))))))))), __b=NT_0001_P_00001(__a=53))"
10.0,11,12,3,0.9721109867095947,10121,"NT_0007_P_00000(__a=NT_0005_P_00001(__a=NT_0005_P_00001(__a=NT_0005_P_00000(__a=NT_0005_P_00001(__a=NT_0005_P_00000(__a=NT_0005_P_00000(__a=NT_0005_P_00001(__a=NT_0005_P_00002(__a=38, __b=NT_0003_P_00002(__a=NT_0000_P_00002(__a=87)))))))))), __b=NT_0001_P_00001(__a=53))"
10.0,11,12,4,1.3621609210968018,10121,"NT_0007_P_00000(__a=NT_0005_P_00001(__a=NT_0005_P_00001(__a=NT_0005_P_00000(__a=NT_0005_P_00001(__a=NT_0005_P_00000(__a=NT_0005_P_00000(__a=NT_0005_P_00001(__a=NT_0005_P_00002(__a=38, __b=NT_0003_P_00002(__a=NT_0000_P_00002(__a=87)))))))))), __b=NT_0001_P_00001(__a=53))"
2.0,15,16,5,1.6468095779418945,10121,"NT_0007_P_00000(__a=NT_0005_P_00001(__a=NT_0005_P_00001(__a=NT_0005_P_00000(__a=NT_0005_P_00001(__a=NT_0005_P_00000(__a=NT_0005_P_00000(__a=NT_0005_P_00001(__a=NT_0005_P_00001(__a=NT_0005_P_00000(__a=NT_0005_P_00000(__a=NT_0005_P_00001(__a=NT_0005_P_00002(__a=38, __b=NT_0003_P_00002(__a=NT_0000_P_00002(__a=87)))))))))))))), __b=NT_0001_P_00001(__a=53))"
2.0,15,16,6,1.8858575820922852,10121,"NT_0007_P_00000(__a=NT_0005_P_00001(__a=NT_0005_P_00001(__a=NT_0005_P_00000(__a=NT_0005_P_00001(__a=NT_0005_P_00000(__a=NT_0005_P_00000(__a=NT_0005_P_00001(__a=NT_0005_P_00001(__a=NT_0005_P_00000(__a=NT_0005_P_00000(__a=NT_0005_P_00001(__a=NT_0005_P_00002(__a=38, __b=NT_0003_P_00002(__a=NT_0000_P_00002(__a=87)))))))))))))), __b=NT_0001_P_00001(__a=53))"
0.0,16,17,7,2.163503408432007,10121,"NT_0007_P_00000(__a=NT_0005_P_00001(__a=NT_0005_P_00001(__a=NT_0005_P_00000(__a=NT_0005_P_00001(__a=NT_0005_P_00000(__a=NT_0005_P_00000(__a=NT_0005_P_00001(__a=NT_0005_P_00000(__a=NT_0005_P_00001(__a=NT_0005_P_00000(__a=NT_0005_P_00000(__a=NT_0005_P_00001(__a=NT_0005_P_00002(__a=38, __b=NT_0003_P_00002(__a=NT_0000_P_00002(__a=87))))))))))))))), __b=NT_0001_P_00001(__a=53))"
