Fitness,Depth,Nodes,Generations,time_since_the_start_of_the_evolution,seed,genotype_as_str
8.0,10,13,1,0.13083267211914062,814,"NT_0006_P_00000(__a=NT_0003_P_00001(__a=NT_0001_P_00001(), __b=NT_0001_P_00000(__a=NT_0001_P_00000(__a=NT_0001_P_00000(__a=NT_0001_P_00001()))), __c=NT_0001_P_00000(__a=NT_0001_P_00000(__a=NT_0001_P_00000(__a=NT_0001_P_00000(__a=NT_0001_P_00000(__a=NT_0001_P_00000(__a=NT_0001_P_00000(__a=NT_0001_P_00000(__a=NT_0001_P_00001()))))))))))"
0.0,15,17,2,0.3324761390686035,814,"NT_0006_P_00000(__a=NT_0003_P_00001(__a=NT_0001_P_00001(), __b=NT_0001_P_00000(__a=NT_0001_P_00000(__a=NT_0001_P_00001())), __c=NT_0001_P_00000(__a=NT_0001_P_00000(__a=NT_0001_P_00000(__a=NT_0001_P_00000(__a=NT_0001_P_00000(__a=NT_0001_P_00000(__a=NT_0001_P_00000(__a=NT_0001_P_00000(__a=NT_0001_P_00000(__a=NT_0001_P_00000(__a=NT_0001_P_00000(__a=NT_0001_P_00000(__a=NT_0001_P_00000(__a=NT_0001_P_00001())))))))))))))))"
