Fitness,Depth,Nodes,Generations,time_since_the_start_of_the_evolution,seed,genotype_as_str
12.0,7,7,1,0.11003446578979492,10388,"NT_0007_P_00000(__a=NT_0002_P_00002(__a=NT_0002_P_00002(__a=NT_0002_P_00002(__a=NT_0002_P_00002(__a=NT_0002_P_00002(__a=NT_0002_P_00002(__a=NT_0002_P_00004(), __b=94), __b=45), __b=11), __b=51), __b=96), __b=56), __b=True, __c=54)"
12.0,7,7,2,0.20264077186584473,10388,"NT_0007_P_00000(__a=NT_0002_P_00002(__a=NT_0002_P_00002(__a=NT_0002_P_00002(__a=NT_0002_P_00002(__a=NT_0002_P_00002(__a=NT_0002_P_00002(__a=NT_0002_P_00004(), __b=94), __b=45), __b=11), __b=51), __b=96), __b=56), __b=True, __c=54)"
12.0,7,7,3,0.27013254165649414,10388,"NT_0007_P_00000(__a=NT_0002_P_00002(__a=NT_0002_P_00002(__a=NT_0002_P_00002(__a=NT_0002_P_00002(__a=NT_0002_P_00002(__a=NT_0002_P_00002(__a=NT_0002_P_00004(), __b=94), __b=45), __b=11), __b=51), __b=96), __b=56), __b=True, __c=54)"
12.0,7,7,4,0.4408571720123291,10388,"NT_0007_P_00000(__a=NT_0002_P_00002(__a=NT_0002_P_00002(__a=NT_0002_P_00002(__a=NT_0002_P_00002(__a=NT_0002_P_00002(__a=NT_0002_P_00002(__a=NT_0002_P_00004(), __b=94), __b=45), __b=11), __b=51), __b=96), __b=56), __b=True, __c=54)"
0.0,11,11,5,0.5845987796783447,10388,"NT_0007_P_00000(__a=NT_0002_P_00002(__a=NT_0002_P_00002(__a=NT_0002_P_00002(__a=NT_0002_P_00002(__a=NT_0002_P_00002(__a=NT_0002_P_00002(__a=NT_0002_P_00002(__a=NT_0002_P_00002(__a=NT_0002_P_00002(__a=NT_0002_P_00002(__a=NT_0002_P_00004(), __b=37), __b=77), __b=78), __b=9), __b=80), __b=99), __b=78), __b=9), __b=80), __b=99), __b=False, __c=98)"
