Fitness,Depth,Nodes,Generations,time_since_the_start_of_the_evolution,seed,genotype_as_str
2.0,10,10,1,0.1779632568359375,690,"NT_0012_P_00000(__a=NT_0001_P_00000(__a=NT_0001_P_00000(__a=NT_0001_P_00003(__a=NT_0001_P_00003(__a=NT_0001_P_00003(__a=NT_0001_P_00000(__a=NT_0001_P_00003(__a=NT_0001_P_00002(__a=NT_0001_P_00004(__a=72, __b=27), __b=46)))))))))"
2.0,10,10,2,0.43335938453674316,690,"NT_0012_P_00000(__a=NT_0001_P_00000(__a=NT_0001_P_00000(__a=NT_0001_P_00003(__a=NT_0001_P_00003(__a=NT_0001_P_00003(__a=NT_0001_P_00000(__a=NT_0001_P_00003(__a=NT_0001_P_00002(__a=NT_0001_P_00004(__a=72, __b=27), __b=46)))))))))"
1.0,10,10,3,0.8141114711761475,690,"NT_0012_P_00000(__a=NT_0001_P_00003(__a=NT_0001_P_00000(__a=NT_0001_P_00003(__a=NT_0001_P_00003(__a=NT_0001_P_00000(__a=NT_0001_P_00003(__a=NT_0001_P_00003(__a=NT_0001_P_00000(__a=NT_0001_P_00004(__a=5, __b=14))))))))))"
1.0,10,10,4,1.203885555267334,690,"NT_0012_P_00000(__a=NT_0001_P_00003(__a=NT_0001_P_00000(__a=NT_0001_P_00003(__a=NT_0001_P_00003(__a=NT_0001_P_00000(__a=NT_0001_P_00003(__a=NT_0001_P_00003(__a=NT_0001_P_00000(__a=NT_0001_P_00004(__a=5, __b=14))))))))))"
0.0,13,13,5,1.4538772106170654,690,"NT_0012_P_00000(__a=NT_0001_P_00000(__a=NT_0001_P_00003(__a=NT_0001_P_00003(__a=NT_0001_P_00003(__a=NT_0001_P_00003(__a=NT_0001_P_00002(__a=NT_0001_P_00002(__a=NT_0001_P_00003(__a=NT_0001_P_00002(__a=NT_0001_P_00000(__a=NT_0001_P_00003(__a=NT_0001_P_00004(__a=2, __b=35))), __b=96)), __b=27), __b=78)))))))"
