Fitness,Depth,Nodes,Generations,time_since_the_start_of_the_evolution,seed,genotype_as_str
4.0,9,10,1,0.08543014526367188,20950,"NT_0007_P_00000(__a=NT_0007_P_00000(__a=NT_0007_P_00000(__a=NT_0007_P_00000(__a=NT_0007_P_00000(__a=NT_0007_P_00000(__a=NT_0007_P_00000(__a=NT_0007_P_00001(__a=93, __b=NT_0001_P_00001(__a=True), __c=NT_0005_P_00000(__a=False)))))))))"
4.0,9,10,2,0.16014719009399414,20950,"NT_0007_P_00000(__a=NT_0007_P_00000(__a=NT_0007_P_00000(__a=NT_0007_P_00000(__a=NT_0007_P_00000(__a=NT_0007_P_00000(__a=NT_0007_P_00000(__a=NT_0007_P_00001(__a=93, __b=NT_0001_P_00001(__a=True), __c=NT_0005_P_00000(__a=False)))))))))"
4.0,9,10,3,0.28823423385620117,20950,"NT_0007_P_00000(__a=NT_0007_P_00000(__a=NT_0007_P_00000(__a=NT_0007_P_00000(__a=NT_0007_P_00000(__a=NT_0007_P_00000(__a=NT_0007_P_00000(__a=NT_0007_P_00001(__a=93, __b=NT_0001_P_00001(__a=True), __c=NT_0005_P_00000(__a=False)))))))))"
4.0,9,10,4,0.4714493751525879,20950,"NT_0007_P_00000(__a=NT_0007_P_00000(__a=NT_0007_P_00000(__a=NT_0007_P_00000(__a=NT_0007_P_00000(__a=NT_0007_P_00000(__a=NT_0007_P_00000(__a=NT_0007_P_00001(__a=93, __b=NT_0001_P_00001(__a=True), __c=NT_0005_P_00000(__a=False)))))))))"
0.0,11,12,5,0.5991911888122559,20950,"NT_0007_P_00000(__a=NT_0007_P_00000(__a=NT_0007_P_00000(__a=NT_0007_P_00000(__a=NT_0007_P_00000(__a=NT_0007_P_00000(__a=NT_0007_P_00000(__a=NT_0007_P_00000(__a=NT_0007_P_00000(__a=NT_0007_P_00001(__a=11, __b=NT_0001_P_00001(__a=False), __c=NT_0005_P_00000(__a=False)))))))))))"
