Fitness,Depth,Nodes,Generations,time_since_the_start_of_the_evolution,seed,genotype_as_str
1.0,7,7,1,0.17626714706420898,162,NT_0003_P_00002(__a=NT_0003_P_00002(__a=NT_0003_P_00002(__a=NT_0003_P_00002(__a=NT_0003_P_00002(__a=NT_0003_P_00000(__a=NT_0002_P_00002(__a=17)))))))
1.0,7,7,2,0.36134839057922363,162,NT_0003_P_00002(__a=NT_0003_P_00002(__a=NT_0003_P_00002(__a=NT_0003_P_00002(__a=NT_0003_P_00002(__a=NT_0003_P_00000(__a=NT_0002_P_00002(__a=17)))))))
1.0,7,7,3,0.5317103862762451,162,NT_0003_P_00002(__a=NT_0003_P_00002(__a=NT_0003_P_00002(__a=NT_0003_P_00002(__a=NT_0003_P_00002(__a=NT_0003_P_00000(__a=NT_0002_P_00002(__a=17)))))))
0.0,7,7,4,0.7354097366333008,162,NT_0003_P_00002(__a=NT_0003_P_00002(__a=NT_0003_P_00002(__a=NT_0003_P_00002(__a=NT_0003_P_00002(__a=NT_0003_P_00002(__a=NT_0003_P_00001(__a=False)))))))
