Fitness,Depth,Nodes,Generations,time_since_the_start_of_the_evolution,seed,genotype_as_str
21.0,2,2,1,1.0777792930603027,30608,"NT_0014_P_00004(__a=33, __b=NT_0014_P_00000(__a=NT_0001_P_00000()))"
21.0,2,2,2,2.0324246883392334,30608,"NT_0014_P_00004(__a=33, __b=NT_0014_P_00000(__a=NT_0001_P_00000()))"
15.0,4,4,3,2.760711431503296,30608,"NT_0014_P_00004(__a=33, __b=NT_0014_P_00004(__a=8, __b=NT_0014_P_00004(__a=65, __b=NT_0014_P_00000(__a=NT_0001_P_00000()))))"
15.0,4,4,4,3.765864372253418,30608,"NT_0014_P_00004(__a=33, __b=NT_0014_P_00004(__a=8, __b=NT_0014_P_00004(__a=65, __b=NT_0014_P_00000(__a=NT_0001_P_00000()))))"
15.0,4,4,5,4.811945676803589,30608,"NT_0014_P_00004(__a=33, __b=NT_0014_P_00004(__a=8, __b=NT_0014_P_00004(__a=65, __b=NT_0014_P_00000(__a=NT_0001_P_00000()))))"
9.0,6,6,6,5.95636248588562,30608,"NT_0014_P_00004(__a=33, __b=NT_0014_P_00004(__a=8, __b=NT_0014_P_00004(__a=65, __b=NT_0014_P_00004(__a=8, __b=NT_0014_P_00004(__a=65, __b=NT_0014_P_00000(__a=NT_0001_P_00000()))))))"
3.0,10,10,7,7.1321327686309814,30608,"NT_0014_P_00004(__a=33, __b=NT_0014_P_00004(__a=8, __b=NT_0014_P_00004(__a=65, __b=NT_0014_P_00004(__a=8, __b=NT_0014_P_00004(__a=65, __b=NT_0014_P_00004(__a=8, __b=NT_0014_P_00004(__a=65, __b=NT_0014_P_00004(__a=8, __b=NT_0014_P_00004(__a=65, __b=NT_0014_P_00000(__a=NT_0001_P_00000()))))))))))"
3.0,10,10,8,7.70865535736084,30608,"NT_0014_P_00004(__a=33, __b=NT_0014_P_00004(__a=8, __b=NT_0014_P_00004(__a=65, __b=NT_0014_P_00004(__a=8, __b=NT_0014_P_00004(__a=65, __b=NT_0014_P_00004(__a=8, __b=NT_0014_P_00004(__a=65, __b=NT_0014_P_00004(__a=8, __b=NT_0014_P_00004(__a=65, __b=NT_0014_P_00000(__a=NT_0001_P_00000()))))))))))"
0.0,9,9,9,8.270193576812744,30608,"NT_0014_P_00004(__a=33, __b=NT_0014_P_00004(__a=8, __b=NT_0014_P_00004(__a=65, __b=NT_0014_P_00004(__a=8, __b=NT_0014_P_00004(__a=65, __b=NT_0014_P_00004(__a=8, __b=NT_0014_P_00004(__a=65, __b=NT_0014_P_00004(__a=78, __b=NT_0014_P_00000(__a=NT_0001_P_00000())))))))))"
