Fitness,Depth,Nodes,Generations,time_since_the_start_of_the_evolution,seed,genotype_as_str
2.0,1,1,1,0.5618524551391602,70233,NT_0005_P_00003(__a=NT_0002_P_00003())
2.0,1,1,2,1.1356618404388428,70233,NT_0005_P_00003(__a=NT_0002_P_00003())
0.0,1,1,3,1.7256124019622803,70233,NT_0005_P_00003(__a=NT_0002_P_00004())
