Fitness,Depth,Nodes,Generations,time_since_the_start_of_the_evolution,seed,genotype_as_str
14.0,5,7,1,0.30504608154296875,10126,"NT_0007_P_00000(__a=NT_0000_P_00001(__a=NT_0000_P_00001(__a=NT_0000_P_00001(__a=NT_0000_P_00001(__a=NT_0000_P_00000())))), __b=NT_0004_P_00003(__a=NT_0000_P_00002(__a=89)))"
9.0,6,11,2,0.5996677875518799,10126,"NT_0007_P_00000(__a=NT_0000_P_00001(__a=NT_0000_P_00001(__a=NT_0000_P_00001(__a=NT_0000_P_00001(__a=NT_0000_P_00002(__a=37))))), __b=NT_0004_P_00003(__a=NT_0000_P_00001(__a=NT_0000_P_00001(__a=NT_0000_P_00001(__a=NT_0000_P_00002(__a=27))))))"
9.0,6,11,3,0.9394176006317139,10126,"NT_0007_P_00000(__a=NT_0000_P_00001(__a=NT_0000_P_00001(__a=NT_0000_P_00001(__a=NT_0000_P_00001(__a=NT_0000_P_00002(__a=37))))), __b=NT_0004_P_00003(__a=NT_0000_P_00001(__a=NT_0000_P_00001(__a=NT_0000_P_00001(__a=NT_0000_P_00002(__a=27))))))"
9.0,6,11,4,1.2224721908569336,10126,"NT_0007_P_00000(__a=NT_0000_P_00001(__a=NT_0000_P_00001(__a=NT_0000_P_00001(__a=NT_0000_P_00001(__a=NT_0000_P_00002(__a=37))))), __b=NT_0004_P_00003(__a=NT_0000_P_00001(__a=NT_0000_P_00001(__a=NT_0000_P_00001(__a=NT_0000_P_00002(__a=27))))))"
8.0,6,10,5,1.5207767486572266,10126,"NT_0007_P_00000(__a=NT_0000_P_00001(__a=NT_0000_P_00001(__a=NT_0000_P_00001(__a=NT_0000_P_00001(__a=NT_0000_P_00000())))), __b=NT_0004_P_00003(__a=NT_0000_P_00001(__a=NT_0000_P_00001(__a=NT_0000_P_00001(__a=NT_0000_P_00002(__a=27))))))"
0.0,12,12,6,1.7647552490234375,10126,"NT_0007_P_00000(__a=NT_0000_P_00001(__a=NT_0000_P_00001(__a=NT_0000_P_00001(__a=NT_0000_P_00001(__a=NT_0000_P_00001(__a=NT_0000_P_00001(__a=NT_0000_P_00001(__a=NT_0000_P_00001(__a=NT_0000_P_00001(__a=NT_0000_P_00001(__a=NT_0000_P_00002(__a=22))))))))))), __b=NT_0004_P_00001())"
