Fitness,Depth,Nodes,Generations,time_since_the_start_of_the_evolution,seed,genotype_as_str
2.0,13,13,1,0.23763656616210938,140170,"NT_0019_P_00000(__a=NT_0003_P_00000(__a=NT_0002_P_00000(__a=NT_0002_P_00000(__a=NT_0002_P_00000(__a=NT_0002_P_00000(__a=NT_0002_P_00000(__a=NT_0002_P_00000(__a=NT_0002_P_00000(__a=NT_0002_P_00000(__a=NT_0002_P_00000(__a=NT_0002_P_00001(__a=NT_0000_P_00000(__a=76, __b=98)))))))))))))"
2.0,13,13,2,0.45673251152038574,140170,"NT_0019_P_00000(__a=NT_0003_P_00000(__a=NT_0002_P_00000(__a=NT_0002_P_00000(__a=NT_0002_P_00000(__a=NT_0002_P_00000(__a=NT_0002_P_00000(__a=NT_0002_P_00000(__a=NT_0002_P_00000(__a=NT_0002_P_00000(__a=NT_0002_P_00000(__a=NT_0002_P_00001(__a=NT_0000_P_00000(__a=76, __b=98)))))))))))))"
2.0,13,13,3,0.8309109210968018,140170,"NT_0019_P_00000(__a=NT_0003_P_00000(__a=NT_0002_P_00000(__a=NT_0002_P_00000(__a=NT_0002_P_00000(__a=NT_0002_P_00000(__a=NT_0002_P_00000(__a=NT_0002_P_00000(__a=NT_0002_P_00000(__a=NT_0002_P_00000(__a=NT_0002_P_00000(__a=NT_0002_P_00001(__a=NT_0000_P_00000(__a=76, __b=98)))))))))))))"
0.0,14,14,4,1.197413444519043,140170,"NT_0019_P_00000(__a=NT_0003_P_00000(__a=NT_0002_P_00000(__a=NT_0002_P_00000(__a=NT_0002_P_00000(__a=NT_0002_P_00000(__a=NT_0002_P_00000(__a=NT_0002_P_00000(__a=NT_0002_P_00000(__a=NT_0002_P_00000(__a=NT_0002_P_00000(__a=NT_0002_P_00000(__a=NT_0002_P_00001(__a=NT_0000_P_00000(__a=10, __b=62))))))))))))))"
