Fitness,Depth,Nodes,Generations,time_since_the_start_of_the_evolution,seed,genotype_as_str
12.0,1,1,1,0.08647823333740234,847,NT_0014_P_00001(__a=NT_0002_P_00001())
10.0,4,4,2,0.17167210578918457,847,NT_0014_P_00000(__a=NT_0014_P_00000(__a=NT_0014_P_00001(__a=NT_0002_P_00002(__a=NT_0002_P_00001()))))
10.0,4,4,3,0.26610851287841797,847,NT_0014_P_00000(__a=NT_0014_P_00000(__a=NT_0014_P_00001(__a=NT_0002_P_00002(__a=NT_0002_P_00001()))))
6.0,4,4,4,0.41451358795166016,847,NT_0014_P_00000(__a=NT_0014_P_00000(__a=NT_0014_P_00000(__a=NT_0014_P_00001(__a=NT_0002_P_00001()))))
4.0,5,5,5,0.6156370639801025,847,NT_0014_P_00000(__a=NT_0014_P_00000(__a=NT_0014_P_00000(__a=NT_0014_P_00000(__a=NT_0014_P_00001(__a=NT_0002_P_00001())))))
2.0,6,6,6,0.8345401287078857,847,NT_0014_P_00000(__a=NT_0014_P_00000(__a=NT_0014_P_00000(__a=NT_0014_P_00000(__a=NT_0014_P_00000(__a=NT_0014_P_00001(__a=NT_0002_P_00001()))))))
0.0,7,7,7,1.0570094585418701,847,NT_0014_P_00000(__a=NT_0014_P_00000(__a=NT_0014_P_00000(__a=NT_0014_P_00000(__a=NT_0014_P_00000(__a=NT_0014_P_00000(__a=NT_0014_P_00001(__a=NT_0002_P_00001())))))))
