Fitness,Depth,Nodes,Generations,time_since_the_start_of_the_evolution,seed,genotype_as_str
2.0,8,8,1,0.05317401885986328,100995,"NT_0003_P_00000(__a=NT_0002_P_00000(), __b=NT_0003_P_00000(__a=NT_0002_P_00000(), __b=NT_0003_P_00000(__a=NT_0002_P_00000(), __b=NT_0003_P_00000(__a=NT_0002_P_00000(), __b=NT_0003_P_00000(__a=NT_0002_P_00000(), __b=NT_0003_P_00000(__a=NT_0002_P_00000(), __b=NT_0003_P_00001(__a=NT_0002_P_00000(), __b=NT_0000_P_00004(__a=59), __c=NT_0001_P_00005(), __d=59)))))))"
2.0,8,8,2,0.1655571460723877,100995,"NT_0003_P_00000(__a=NT_0002_P_00000(), __b=NT_0003_P_00000(__a=NT_0002_P_00000(), __b=NT_0003_P_00000(__a=NT_0002_P_00000(), __b=NT_0003_P_00000(__a=NT_0002_P_00000(), __b=NT_0003_P_00000(__a=NT_0002_P_00000(), __b=NT_0003_P_00000(__a=NT_0002_P_00000(), __b=NT_0003_P_00001(__a=NT_0002_P_00000(), __b=NT_0000_P_00004(__a=59), __c=NT_0001_P_00005(), __d=59)))))))"
0.0,8,8,3,0.24127912521362305,100995,"NT_0003_P_00000(__a=NT_0002_P_00000(), __b=NT_0003_P_00000(__a=NT_0002_P_00000(), __b=NT_0003_P_00000(__a=NT_0002_P_00000(), __b=NT_0003_P_00000(__a=NT_0002_P_00000(), __b=NT_0003_P_00000(__a=NT_0002_P_00000(), __b=NT_0003_P_00000(__a=NT_0002_P_00000(), __b=NT_0003_P_00001(__a=NT_0002_P_00000(), __b=NT_0000_P_00002(__a=69), __c=NT_0001_P_00005(), __d=50)))))))"
