Fitness,Depth,Nodes,Generations,time_since_the_start_of_the_evolution,seed,genotype_as_str
6.0,11,12,1,0.5295720100402832,40212,"NT_0004_P_00000(__a=NT_0004_P_00000(__a=NT_0004_P_00000(__a=NT_0004_P_00000(__a=NT_0004_P_00000(__a=NT_0004_P_00000(__a=NT_0004_P_00000(__a=NT_0004_P_00000(__a=NT_0004_P_00001(__a=NT_0000_P_00000(__a=True, __b=NT_0000_P_00001(__a=2), __c=NT_0000_P_00001(__a=37)))))))))))"
4.0,13,14,2,1.2316241264343262,40212,"NT_0004_P_00000(__a=NT_0004_P_00000(__a=NT_0004_P_00000(__a=NT_0004_P_00000(__a=NT_0004_P_00000(__a=NT_0004_P_00000(__a=NT_0004_P_00000(__a=NT_0004_P_00000(__a=NT_0004_P_00000(__a=NT_0004_P_00000(__a=NT_0004_P_00001(__a=NT_0000_P_00000(__a=True, __b=NT_0000_P_00001(__a=4), __c=NT_0000_P_00001(__a=63)))))))))))))"
0.0,16,16,3,2.10182523727417,40212,NT_0004_P_00000(__a=NT_0004_P_00000(__a=NT_0004_P_00000(__a=NT_0004_P_00000(__a=NT_0004_P_00000(__a=NT_0004_P_00000(__a=NT_0004_P_00000(__a=NT_0004_P_00000(__a=NT_0004_P_00000(__a=NT_0004_P_00000(__a=NT_0004_P_00000(__a=NT_0004_P_00000(__a=NT_0004_P_00000(__a=NT_0004_P_00000(__a=NT_0004_P_00001(__a=NT_0000_P_00001(__a=57))))))))))))))))
