Fitness,Depth,Nodes,Generations,time_since_the_start_of_the_evolution,seed,genotype_as_str
7.0,9,10,1,0.2155930995941162,890,"NT_0003_P_00001(__a=NT_0000_P_00000(__a=False), __b=NT_0001_P_00002(__a=NT_0001_P_00002(__a=NT_0001_P_00000(__a=41, __b=NT_0001_P_00002(__a=NT_0001_P_00000(__a=50, __b=NT_0001_P_00000(__a=62, __b=NT_0001_P_00000(__a=26, __b=NT_0001_P_00002(__a=NT_0001_P_00001())))))))))"
2.0,10,11,2,0.48507189750671387,890,"NT_0003_P_00001(__a=NT_0000_P_00000(__a=False), __b=NT_0001_P_00002(__a=NT_0001_P_00002(__a=NT_0001_P_00000(__a=8, __b=NT_0001_P_00000(__a=97, __b=NT_0001_P_00002(__a=NT_0001_P_00002(__a=NT_0001_P_00002(__a=NT_0001_P_00002(__a=NT_0001_P_00000(__a=3, __b=NT_0001_P_00001()))))))))))"
2.0,10,11,3,0.8247585296630859,890,"NT_0003_P_00001(__a=NT_0000_P_00000(__a=False), __b=NT_0001_P_00002(__a=NT_0001_P_00002(__a=NT_0001_P_00000(__a=8, __b=NT_0001_P_00000(__a=97, __b=NT_0001_P_00002(__a=NT_0001_P_00002(__a=NT_0001_P_00002(__a=NT_0001_P_00002(__a=NT_0001_P_00000(__a=3, __b=NT_0001_P_00001()))))))))))"
0.0,11,12,4,1.162283182144165,890,"NT_0003_P_00001(__a=NT_0000_P_00000(__a=False), __b=NT_0001_P_00002(__a=NT_0001_P_00000(__a=96, __b=NT_0001_P_00000(__a=21, __b=NT_0001_P_00002(__a=NT_0001_P_00002(__a=NT_0001_P_00002(__a=NT_0001_P_00002(__a=NT_0001_P_00002(__a=NT_0001_P_00000(__a=45, __b=NT_0001_P_00002(__a=NT_0001_P_00001())))))))))))"
