Fitness,Depth,Nodes,Generations,time_since_the_start_of_the_evolution,seed,genotype_as_str
2.0,6,6,1,0.21897482872009277,690,NT_0012_P_00000(__a=NT_0001_P_00000(__a=NT_0001_P_00000(__a=NT_0001_P_00003(__a=NT_0001_P_00003(__a=NT_0001_P_00003(__a=NT_0001_P_00001()))))))
2.0,6,6,2,0.44362616539001465,690,NT_0012_P_00000(__a=NT_0001_P_00000(__a=NT_0001_P_00000(__a=NT_0001_P_00003(__a=NT_0001_P_00003(__a=NT_0001_P_00003(__a=NT_0001_P_00001()))))))
2.0,6,6,3,0.7277615070343018,690,NT_0012_P_00000(__a=NT_0001_P_00000(__a=NT_0001_P_00000(__a=NT_0001_P_00003(__a=NT_0001_P_00003(__a=NT_0001_P_00003(__a=NT_0001_P_00001()))))))
2.0,6,6,4,1.0033838748931885,690,NT_0012_P_00000(__a=NT_0001_P_00000(__a=NT_0001_P_00000(__a=NT_0001_P_00003(__a=NT_0001_P_00003(__a=NT_0001_P_00003(__a=NT_0001_P_00001()))))))
2.0,6,6,5,1.2812809944152832,690,NT_0012_P_00000(__a=NT_0001_P_00000(__a=NT_0001_P_00000(__a=NT_0001_P_00003(__a=NT_0001_P_00003(__a=NT_0001_P_00003(__a=NT_0001_P_00001()))))))
0.0,7,7,6,1.4832756519317627,690,NT_0012_P_00000(__a=NT_0001_P_00000(__a=NT_0001_P_00000(__a=NT_0001_P_00003(__a=NT_0001_P_00003(__a=NT_0001_P_00003(__a=NT_0001_P_00003(__a=NT_0001_P_00001())))))))
