Fitness,Depth,Nodes,Generations,time_since_the_start_of_the_evolution,seed,genotype_as_str
8.0,7,7,1,0.2140662670135498,10846,"NT_0007_P_00000(__a=NT_0007_P_00000(__a=NT_0007_P_00000(__a=NT_0007_P_00000(__a=NT_0007_P_00001(__a=NT_0005_P_00000(__a=NT_0004_P_00001(__a=NT_0002_P_00000(), __b=NT_0003_P_00000())))))))"
8.0,7,7,2,0.37970399856567383,10846,"NT_0007_P_00000(__a=NT_0007_P_00000(__a=NT_0007_P_00000(__a=NT_0007_P_00000(__a=NT_0007_P_00001(__a=NT_0005_P_00000(__a=NT_0004_P_00001(__a=NT_0002_P_00000(), __b=NT_0003_P_00000())))))))"
0.0,11,11,3,0.5583374500274658,10846,"NT_0007_P_00000(__a=NT_0007_P_00000(__a=NT_0007_P_00000(__a=NT_0007_P_00000(__a=NT_0007_P_00000(__a=NT_0007_P_00000(__a=NT_0007_P_00000(__a=NT_0007_P_00000(__a=NT_0007_P_00001(__a=NT_0005_P_00000(__a=NT_0004_P_00001(__a=NT_0002_P_00000(), __b=NT_0003_P_00000())))))))))))"
