Fitness,Depth,Nodes,Generations,time_since_the_start_of_the_evolution,seed,genotype_as_str
3.0,9,10,1,0.09490132331848145,890,"NT_0003_P_00001(__a=NT_0000_P_00000(__a=False), __b=NT_0001_P_00002(__a=NT_0001_P_00002(__a=NT_0001_P_00000(__a=41, __b=NT_0001_P_00002(__a=NT_0001_P_00000(__a=50, __b=NT_0001_P_00000(__a=62, __b=NT_0001_P_00000(__a=26, __b=NT_0001_P_00002(__a=NT_0001_P_00001())))))))))"
3.0,9,10,2,0.22691035270690918,890,"NT_0003_P_00001(__a=NT_0000_P_00000(__a=False), __b=NT_0001_P_00002(__a=NT_0001_P_00002(__a=NT_0001_P_00000(__a=41, __b=NT_0001_P_00002(__a=NT_0001_P_00000(__a=50, __b=NT_0001_P_00000(__a=62, __b=NT_0001_P_00000(__a=26, __b=NT_0001_P_00002(__a=NT_0001_P_00001())))))))))"
0.0,9,10,3,0.35837793350219727,890,"NT_0003_P_00001(__a=NT_0000_P_00000(__a=False), __b=NT_0001_P_00002(__a=NT_0001_P_00002(__a=NT_0001_P_00000(__a=55, __b=NT_0001_P_00000(__a=27, __b=NT_0001_P_00000(__a=95, __b=NT_0001_P_00002(__a=NT_0001_P_00002(__a=NT_0001_P_00002(__a=NT_0001_P_00001())))))))))"
