Fitness,Depth,Nodes,Generations,time_since_the_start_of_the_evolution,seed,genotype_as_str
10.0,8,8,1,0.2549405097961426,10060,NT_0010_P_00003(__a=NT_0001_P_00004(__a=NT_0001_P_00004(__a=NT_0001_P_00004(__a=NT_0001_P_00004(__a=NT_0001_P_00004(__a=NT_0001_P_00004(__a=NT_0001_P_00004(__a=NT_0001_P_00005()))))))))
0.0,13,13,2,0.5328822135925293,10060,NT_0010_P_00003(__a=NT_0001_P_00004(__a=NT_0001_P_00004(__a=NT_0001_P_00004(__a=NT_0001_P_00004(__a=NT_0001_P_00004(__a=NT_0001_P_00004(__a=NT_0001_P_00004(__a=NT_0001_P_00004(__a=NT_0001_P_00004(__a=NT_0001_P_00004(__a=NT_0001_P_00004(__a=NT_0001_P_00004(__a=NT_0001_P_00005())))))))))))))
