Fitness,Depth,Nodes,Generations,time_since_the_start_of_the_evolution,seed,genotype_as_str
2.0,10,10,1,0.21024227142333984,690,"NT_0012_P_00000(__a=NT_0001_P_00000(__a=NT_0001_P_00000(__a=NT_0001_P_00003(__a=NT_0001_P_00003(__a=NT_0001_P_00003(__a=NT_0001_P_00000(__a=NT_0001_P_00003(__a=NT_0001_P_00002(__a=NT_0001_P_00004(__a=72, __b=27), __b=46)))))))))"
2.0,10,10,2,0.42644524574279785,690,"NT_0012_P_00000(__a=NT_0001_P_00000(__a=NT_0001_P_00000(__a=NT_0001_P_00003(__a=NT_0001_P_00003(__a=NT_0001_P_00003(__a=NT_0001_P_00000(__a=NT_0001_P_00003(__a=NT_0001_P_00002(__a=NT_0001_P_00004(__a=72, __b=27), __b=46)))))))))"
1.0,10,10,3,0.6424825191497803,690,"NT_0012_P_00000(__a=NT_0001_P_00003(__a=NT_0001_P_00000(__a=NT_0001_P_00003(__a=NT_0001_P_00003(__a=NT_0001_P_00000(__a=NT_0001_P_00003(__a=NT_0001_P_00003(__a=NT_0001_P_00000(__a=NT_0001_P_00004(__a=5, __b=14))))))))))"
0.0,9,9,4,0.9398143291473389,690,NT_0012_P_00000(__a=NT_0001_P_00000(__a=NT_0001_P_00003(__a=NT_0001_P_00003(__a=NT_0001_P_00003(__a=NT_0001_P_00003(__a=NT_0001_P_00003(__a=NT_0001_P_00000(__a=NT_0001_P_00003(__a=NT_0001_P_00001())))))))))
