Fitness,Depth,Nodes,Generations,time_since_the_start_of_the_evolution,seed,genotype_as_str
4.0,8,9,1,0.27518248558044434,10121,"NT_0007_P_00000(__a=NT_0005_P_00001(__a=NT_0005_P_00001(__a=NT_0005_P_00000(__a=NT_0005_P_00000(__a=NT_0005_P_00002(__a=38, __b=NT_0003_P_00002(__a=NT_0000_P_00001(__a=66, __b=42))))))), __b=NT_0001_P_00001(__a=58))"
2.0,8,9,2,0.4774174690246582,10121,"NT_0007_P_00000(__a=NT_0005_P_00001(__a=NT_0005_P_00000(__a=NT_0005_P_00000(__a=NT_0005_P_00000(__a=NT_0005_P_00002(__a=50, __b=NT_0003_P_00002(__a=NT_0000_P_00001(__a=56, __b=46))))))), __b=NT_0001_P_00001(__a=58))"
2.0,8,9,3,0.7095992565155029,10121,"NT_0007_P_00000(__a=NT_0005_P_00001(__a=NT_0005_P_00000(__a=NT_0005_P_00000(__a=NT_0005_P_00000(__a=NT_0005_P_00002(__a=50, __b=NT_0003_P_00002(__a=NT_0000_P_00001(__a=56, __b=46))))))), __b=NT_0001_P_00001(__a=58))"
0.0,8,9,4,0.9481656551361084,10121,"NT_0007_P_00000(__a=NT_0005_P_00000(__a=NT_0005_P_00000(__a=NT_0005_P_00000(__a=NT_0005_P_00000(__a=NT_0005_P_00002(__a=69, __b=NT_0003_P_00002(__a=NT_0000_P_00001(__a=77, __b=5))))))), __b=NT_0001_P_00001(__a=10))"
