Fitness,Depth,Nodes,Generations,time_since_the_start_of_the_evolution,seed,genotype_as_str
7.0,5,7,1,0.3639044761657715,10126,"NT_0007_P_00000(__a=NT_0000_P_00001(__a=NT_0000_P_00001(__a=NT_0000_P_00001(__a=NT_0000_P_00001(__a=NT_0000_P_00000())))), __b=NT_0004_P_00003(__a=NT_0000_P_00002(__a=89)))"
3.0,7,8,2,0.6436367034912109,10126,"NT_0007_P_00000(__a=NT_0000_P_00001(__a=NT_0000_P_00001(__a=NT_0000_P_00001(__a=NT_0000_P_00001(__a=NT_0000_P_00001(__a=NT_0000_P_00001(__a=NT_0000_P_00000())))))), __b=NT_0004_P_00000(__a=91))"
3.0,7,8,3,0.889089822769165,10126,"NT_0007_P_00000(__a=NT_0000_P_00001(__a=NT_0000_P_00001(__a=NT_0000_P_00001(__a=NT_0000_P_00001(__a=NT_0000_P_00001(__a=NT_0000_P_00001(__a=NT_0000_P_00000())))))), __b=NT_0004_P_00000(__a=91))"
3.0,7,8,4,1.1419639587402344,10126,"NT_0007_P_00000(__a=NT_0000_P_00001(__a=NT_0000_P_00001(__a=NT_0000_P_00001(__a=NT_0000_P_00001(__a=NT_0000_P_00001(__a=NT_0000_P_00001(__a=NT_0000_P_00000())))))), __b=NT_0004_P_00000(__a=91))"
3.0,7,8,5,1.4311332702636719,10126,"NT_0007_P_00000(__a=NT_0000_P_00001(__a=NT_0000_P_00001(__a=NT_0000_P_00001(__a=NT_0000_P_00001(__a=NT_0000_P_00001(__a=NT_0000_P_00001(__a=NT_0000_P_00000())))))), __b=NT_0004_P_00000(__a=91))"
3.0,7,8,6,1.6784753799438477,10126,"NT_0007_P_00000(__a=NT_0000_P_00001(__a=NT_0000_P_00001(__a=NT_0000_P_00001(__a=NT_0000_P_00001(__a=NT_0000_P_00001(__a=NT_0000_P_00001(__a=NT_0000_P_00000())))))), __b=NT_0004_P_00000(__a=91))"
0.0,7,7,7,1.8562610149383545,10126,"NT_0007_P_00000(__a=NT_0000_P_00001(__a=NT_0000_P_00001(__a=NT_0000_P_00001(__a=NT_0000_P_00001(__a=NT_0000_P_00001(__a=NT_0000_P_00001(__a=NT_0000_P_00000())))))), __b=NT_0004_P_00001())"
