Fitness,Depth,Nodes,Generations,time_since_the_start_of_the_evolution,seed,genotype_as_str
6.0,9,9,1,0.21027231216430664,20246,NT_0012_P_00000(__a=NT_0012_P_00000(__a=NT_0012_P_00000(__a=NT_0012_P_00000(__a=NT_0012_P_00000(__a=NT_0012_P_00000(__a=NT_0012_P_00000(__a=NT_0012_P_00000(__a=NT_0012_P_00001(__a=NT_0006_P_00000())))))))))
4.0,9,9,2,0.46267104148864746,20246,NT_0012_P_00000(__a=NT_0012_P_00000(__a=NT_0012_P_00000(__a=NT_0012_P_00000(__a=NT_0012_P_00000(__a=NT_0012_P_00000(__a=NT_0012_P_00000(__a=NT_0012_P_00000(__a=NT_0012_P_00001(__a=NT_0006_P_00002())))))))))
2.0,10,10,3,0.7171652317047119,20246,NT_0012_P_00000(__a=NT_0012_P_00000(__a=NT_0012_P_00000(__a=NT_0012_P_00000(__a=NT_0012_P_00000(__a=NT_0012_P_00000(__a=NT_0012_P_00000(__a=NT_0012_P_00000(__a=NT_0012_P_00000(__a=NT_0012_P_00001(__a=NT_0006_P_00002()))))))))))
0.0,11,11,4,1.061103343963623,20246,NT_0012_P_00000(__a=NT_0012_P_00000(__a=NT_0012_P_00000(__a=NT_0012_P_00000(__a=NT_0012_P_00000(__a=NT_0012_P_00000(__a=NT_0012_P_00000(__a=NT_0012_P_00000(__a=NT_0012_P_00000(__a=NT_0012_P_00000(__a=NT_0012_P_00001(__a=NT_0006_P_00002())))))))))))
