Fitness,Depth,Nodes,Generations,time_since_the_start_of_the_evolution,seed,genotype_as_str
5.0,14,15,1,0.3048512935638428,10121,"NT_0007_P_00000(__a=NT_0005_P_00000(__a=NT_0005_P_00001(__a=NT_0005_P_00000(__a=NT_0005_P_00001(__a=NT_0005_P_00000(__a=NT_0005_P_00001(__a=NT_0005_P_00001(__a=NT_0005_P_00000(__a=NT_0005_P_00000(__a=NT_0005_P_00000(__a=NT_0005_P_00002(__a=10, __b=NT_0003_P_00002(__a=NT_0000_P_00001(__a=99, __b=10))))))))))))), __b=NT_0001_P_00001(__a=79))"
2.0,14,15,2,0.6143717765808105,10121,"NT_0007_P_00000(__a=NT_0005_P_00000(__a=NT_0005_P_00001(__a=NT_0005_P_00000(__a=NT_0005_P_00001(__a=NT_0005_P_00000(__a=NT_0005_P_00001(__a=NT_0005_P_00001(__a=NT_0005_P_00000(__a=NT_0005_P_00000(__a=NT_0005_P_00000(__a=NT_0005_P_00002(__a=10, __b=NT_0003_P_00002(__a=NT_0000_P_00002(__a=57))))))))))))), __b=NT_0001_P_00001(__a=79))"
0.0,14,15,3,0.9722869396209717,10121,"NT_0007_P_00000(__a=NT_0005_P_00001(__a=NT_0005_P_00001(__a=NT_0005_P_00000(__a=NT_0005_P_00000(__a=NT_0005_P_00001(__a=NT_0005_P_00001(__a=NT_0005_P_00000(__a=NT_0005_P_00000(__a=NT_0005_P_00001(__a=NT_0005_P_00000(__a=NT_0005_P_00002(__a=60, __b=NT_0003_P_00002(__a=NT_0000_P_00002(__a=71))))))))))))), __b=NT_0001_P_00001(__a=33))"
