Fitness,Depth,Nodes,Generations,time_since_the_start_of_the_evolution,seed,genotype_as_str
10.0,12,12,1,0.33438658714294434,30332,NT_0004_P_00002(__a=NT_0004_P_00002(__a=NT_0004_P_00002(__a=NT_0004_P_00001(__a=NT_0004_P_00001(__a=NT_0004_P_00002(__a=NT_0004_P_00002(__a=NT_0004_P_00001(__a=NT_0004_P_00002(__a=NT_0004_P_00002(__a=NT_0004_P_00002(__a=NT_0004_P_00000(__a=NT_0003_P_00000()))))))))))))
4.0,13,13,2,0.688772439956665,30332,NT_0004_P_00002(__a=NT_0004_P_00002(__a=NT_0004_P_00002(__a=NT_0004_P_00001(__a=NT_0004_P_00001(__a=NT_0004_P_00001(__a=NT_0004_P_00002(__a=NT_0004_P_00002(__a=NT_0004_P_00001(__a=NT_0004_P_00002(__a=NT_0004_P_00001(__a=NT_0004_P_00001(__a=NT_0004_P_00000(__a=NT_0003_P_00000())))))))))))))
2.0,13,13,3,1.149059534072876,30332,NT_0004_P_00002(__a=NT_0004_P_00002(__a=NT_0004_P_00002(__a=NT_0004_P_00001(__a=NT_0004_P_00001(__a=NT_0004_P_00001(__a=NT_0004_P_00002(__a=NT_0004_P_00001(__a=NT_0004_P_00001(__a=NT_0004_P_00001(__a=NT_0004_P_00001(__a=NT_0004_P_00002(__a=NT_0004_P_00000(__a=NT_0003_P_00000())))))))))))))
2.0,13,13,4,1.4694616794586182,30332,NT_0004_P_00002(__a=NT_0004_P_00002(__a=NT_0004_P_00002(__a=NT_0004_P_00001(__a=NT_0004_P_00001(__a=NT_0004_P_00001(__a=NT_0004_P_00002(__a=NT_0004_P_00001(__a=NT_0004_P_00001(__a=NT_0004_P_00001(__a=NT_0004_P_00001(__a=NT_0004_P_00002(__a=NT_0004_P_00000(__a=NT_0003_P_00000())))))))))))))
0.0,13,13,5,1.8460414409637451,30332,NT_0004_P_00002(__a=NT_0004_P_00002(__a=NT_0004_P_00002(__a=NT_0004_P_00001(__a=NT_0004_P_00001(__a=NT_0004_P_00001(__a=NT_0004_P_00002(__a=NT_0004_P_00001(__a=NT_0004_P_00001(__a=NT_0004_P_00001(__a=NT_0004_P_00001(__a=NT_0004_P_00001(__a=NT_0004_P_00000(__a=NT_0003_P_00000())))))))))))))
