Fitness,Depth,Nodes,Generations,time_since_the_start_of_the_evolution,seed,genotype_as_str
16.0,6,6,1,0.06219196319580078,495,NT_0007_P_00000(__a=NT_0000_P_00003(__a=NT_0000_P_00001(__a=NT_0000_P_00001(__a=NT_0000_P_00001(__a=NT_0000_P_00003(__a=NT_0000_P_00004()))))))
14.0,7,7,2,0.15091705322265625,495,NT_0007_P_00000(__a=NT_0000_P_00003(__a=NT_0000_P_00001(__a=NT_0000_P_00001(__a=NT_0000_P_00001(__a=NT_0000_P_00003(__a=NT_0000_P_00001(__a=NT_0000_P_00002())))))))
10.0,8,8,3,0.24982810020446777,495,NT_0007_P_00000(__a=NT_0000_P_00003(__a=NT_0000_P_00001(__a=NT_0000_P_00001(__a=NT_0000_P_00001(__a=NT_0000_P_00003(__a=NT_0000_P_00003(__a=NT_0000_P_00001(__a=NT_0000_P_00000()))))))))
10.0,8,8,4,0.34622693061828613,495,NT_0007_P_00000(__a=NT_0000_P_00003(__a=NT_0000_P_00001(__a=NT_0000_P_00001(__a=NT_0000_P_00001(__a=NT_0000_P_00003(__a=NT_0000_P_00003(__a=NT_0000_P_00001(__a=NT_0000_P_00000()))))))))
10.0,8,8,5,0.5421960353851318,495,NT_0007_P_00000(__a=NT_0000_P_00003(__a=NT_0000_P_00001(__a=NT_0000_P_00001(__a=NT_0000_P_00001(__a=NT_0000_P_00003(__a=NT_0000_P_00003(__a=NT_0000_P_00001(__a=NT_0000_P_00000()))))))))
10.0,8,8,6,0.7690110206604004,495,NT_0007_P_00000(__a=NT_0000_P_00003(__a=NT_0000_P_00001(__a=NT_0000_P_00001(__a=NT_0000_P_00001(__a=NT_0000_P_00003(__a=NT_0000_P_00003(__a=NT_0000_P_00001(__a=NT_0000_P_00000()))))))))
8.0,10,10,7,0.9740555286407471,495,NT_0007_P_00000(__a=NT_0000_P_00003(__a=NT_0000_P_00001(__a=NT_0000_P_00001(__a=NT_0000_P_00003(__a=NT_0000_P_00001(__a=NT_0000_P_00001(__a=NT_0000_P_00001(__a=NT_0000_P_00003(__a=NT_0000_P_00003(__a=NT_0000_P_00004()))))))))))
4.0,12,12,8,1.1867446899414062,495,NT_0007_P_00000(__a=NT_0000_P_00003(__a=NT_0000_P_00001(__a=NT_0000_P_00001(__a=NT_0000_P_00001(__a=NT_0000_P_00001(__a=NT_0000_P_00001(__a=NT_0000_P_00001(__a=NT_0000_P_00003(__a=NT_0000_P_00003(__a=NT_0000_P_00003(__a=NT_0000_P_00001(__a=NT_0000_P_00004()))))))))))))
0.0,13,13,9,1.4119203090667725,495,NT_0007_P_00000(__a=NT_0000_P_00003(__a=NT_0000_P_00001(__a=NT_0000_P_00001(__a=NT_0000_P_00001(__a=NT_0000_P_00003(__a=NT_0000_P_00001(__a=NT_0000_P_00001(__a=NT_0000_P_00003(__a=NT_0000_P_00001(__a=NT_0000_P_00001(__a=NT_0000_P_00003(__a=NT_0000_P_00003(__a=NT_0000_P_00000())))))))))))))
