Fitness,Depth,Nodes,Generations,time_since_the_start_of_the_evolution,seed,genotype_as_str
4.0,14,14,1,0.4173293113708496,40212,NT_0004_P_00000(__a=NT_0004_P_00000(__a=NT_0004_P_00000(__a=NT_0004_P_00000(__a=NT_0004_P_00000(__a=NT_0004_P_00000(__a=NT_0004_P_00000(__a=NT_0004_P_00000(__a=NT_0004_P_00000(__a=NT_0004_P_00000(__a=NT_0004_P_00000(__a=NT_0004_P_00000(__a=NT_0004_P_00001(__a=NT_0000_P_00001(__a=39))))))))))))))
4.0,14,14,2,1.1895883083343506,40212,NT_0004_P_00000(__a=NT_0004_P_00000(__a=NT_0004_P_00000(__a=NT_0004_P_00000(__a=NT_0004_P_00000(__a=NT_0004_P_00000(__a=NT_0004_P_00000(__a=NT_0004_P_00000(__a=NT_0004_P_00000(__a=NT_0004_P_00000(__a=NT_0004_P_00000(__a=NT_0004_P_00000(__a=NT_0004_P_00001(__a=NT_0000_P_00001(__a=39))))))))))))))
0.0,16,16,3,1.7676115036010742,40212,NT_0004_P_00000(__a=NT_0004_P_00000(__a=NT_0004_P_00000(__a=NT_0004_P_00000(__a=NT_0004_P_00000(__a=NT_0004_P_00000(__a=NT_0004_P_00000(__a=NT_0004_P_00000(__a=NT_0004_P_00000(__a=NT_0004_P_00000(__a=NT_0004_P_00000(__a=NT_0004_P_00000(__a=NT_0004_P_00000(__a=NT_0004_P_00000(__a=NT_0004_P_00001(__a=NT_0000_P_00001(__a=45))))))))))))))))
