Fitness,Depth,Nodes,Generations,time_since_the_start_of_the_evolution,seed,genotype_as_str
4.0,9,9,1,0.1502230167388916,20207,NT_0003_P_00000(__a=NT_0003_P_00000(__a=NT_0003_P_00000(__a=NT_0003_P_00000(__a=NT_0003_P_00000(__a=NT_0003_P_00000(__a=NT_0003_P_00000(__a=NT_0003_P_00001(__a=NT_0000_P_00000(__a=True)))))))))
0.0,13,13,2,0.3486671447753906,20207,NT_0003_P_00000(__a=NT_0003_P_00000(__a=NT_0003_P_00000(__a=NT_0003_P_00000(__a=NT_0003_P_00000(__a=NT_0003_P_00000(__a=NT_0003_P_00000(__a=NT_0003_P_00000(__a=NT_0003_P_00000(__a=NT_0003_P_00000(__a=NT_0003_P_00000(__a=NT_0003_P_00001(__a=NT_0000_P_00000(__a=True)))))))))))))
