Fitness,Depth,Nodes,Generations,time_since_the_start_of_the_evolution,seed,genotype_as_str
8.0,6,6,1,0.6133081912994385,10400,"NT_0017_P_00002(__a=NT_0007_P_00002(__a=NT_0006_P_00000(), __b=NT_0001_P_00001(__a=NT_0001_P_00001(__a=NT_0001_P_00001(__a=NT_0001_P_00000(__a=45)))), __c=False, __d=NT_0006_P_00000()))"
4.0,8,8,2,1.0301952362060547,10400,"NT_0017_P_00002(__a=NT_0007_P_00002(__a=NT_0006_P_00000(), __b=NT_0001_P_00001(__a=NT_0001_P_00001(__a=NT_0001_P_00001(__a=NT_0001_P_00001(__a=NT_0001_P_00001(__a=NT_0001_P_00000(__a=11)))))), __c=False, __d=NT_0006_P_00000()))"
4.0,8,8,3,1.4240484237670898,10400,"NT_0017_P_00002(__a=NT_0007_P_00002(__a=NT_0006_P_00000(), __b=NT_0001_P_00001(__a=NT_0001_P_00001(__a=NT_0001_P_00001(__a=NT_0001_P_00001(__a=NT_0001_P_00001(__a=NT_0001_P_00000(__a=11)))))), __c=False, __d=NT_0006_P_00000()))"
2.0,9,9,4,2.082303285598755,10400,"NT_0017_P_00002(__a=NT_0007_P_00002(__a=NT_0006_P_00000(), __b=NT_0001_P_00001(__a=NT_0001_P_00001(__a=NT_0001_P_00001(__a=NT_0001_P_00001(__a=NT_0001_P_00001(__a=NT_0001_P_00001(__a=NT_0001_P_00000(__a=11))))))), __c=False, __d=NT_0006_P_00000()))"
2.0,9,9,5,2.4869117736816406,10400,"NT_0017_P_00002(__a=NT_0007_P_00002(__a=NT_0006_P_00000(), __b=NT_0001_P_00001(__a=NT_0001_P_00001(__a=NT_0001_P_00001(__a=NT_0001_P_00001(__a=NT_0001_P_00001(__a=NT_0001_P_00001(__a=NT_0001_P_00000(__a=11))))))), __c=False, __d=NT_0006_P_00000()))"
2.0,9,9,6,2.8940823078155518,10400,"NT_0017_P_00002(__a=NT_0007_P_00002(__a=NT_0006_P_00000(), __b=NT_0001_P_00001(__a=NT_0001_P_00001(__a=NT_0001_P_00001(__a=NT_0001_P_00001(__a=NT_0001_P_00001(__a=NT_0001_P_00001(__a=NT_0001_P_00000(__a=11))))))), __c=False, __d=NT_0006_P_00000()))"
2.0,9,9,7,3.3504443168640137,10400,"NT_0017_P_00002(__a=NT_0007_P_00002(__a=NT_0006_P_00000(), __b=NT_0001_P_00001(__a=NT_0001_P_00001(__a=NT_0001_P_00001(__a=NT_0001_P_00001(__a=NT_0001_P_00001(__a=NT_0001_P_00001(__a=NT_0001_P_00000(__a=11))))))), __c=False, __d=NT_0006_P_00000()))"
0.0,10,10,8,3.783128023147583,10400,"NT_0017_P_00002(__a=NT_0007_P_00002(__a=NT_0006_P_00000(), __b=NT_0001_P_00001(__a=NT_0001_P_00001(__a=NT_0001_P_00001(__a=NT_0001_P_00001(__a=NT_0001_P_00001(__a=NT_0001_P_00001(__a=NT_0001_P_00001(__a=NT_0001_P_00000(__a=28)))))))), __c=False, __d=NT_0006_P_00000()))"
