Fitness,Depth,Nodes,Generations,time_since_the_start_of_the_evolution,seed,genotype_as_str
6.0,3,3,1,0.08903384208679199,10364,"NT_0002_P_00000(__a=NT_0001_P_00001(__a=NT_0001_P_00001(__a=NT_0001_P_00002())), __b=False)"
6.0,3,3,2,0.17845845222473145,10364,"NT_0002_P_00000(__a=NT_0001_P_00001(__a=NT_0001_P_00001(__a=NT_0001_P_00002())), __b=False)"
5.0,4,4,3,0.27747130393981934,10364,"NT_0002_P_00000(__a=NT_0001_P_00001(__a=NT_0001_P_00001(__a=NT_0001_P_00001(__a=NT_0001_P_00002()))), __b=False)"
5.0,4,4,4,0.4093043804168701,10364,"NT_0002_P_00000(__a=NT_0001_P_00001(__a=NT_0001_P_00001(__a=NT_0001_P_00001(__a=NT_0001_P_00002()))), __b=False)"
4.0,5,5,5,0.5300874710083008,10364,"NT_0002_P_00000(__a=NT_0001_P_00001(__a=NT_0001_P_00001(__a=NT_0001_P_00001(__a=NT_0001_P_00001(__a=NT_0001_P_00002())))), __b=False)"
2.0,7,7,6,0.6931097507476807,10364,"NT_0002_P_00000(__a=NT_0001_P_00001(__a=NT_0001_P_00001(__a=NT_0001_P_00001(__a=NT_0001_P_00001(__a=NT_0001_P_00001(__a=NT_0001_P_00001(__a=NT_0001_P_00003())))))), __b=False)"
1.0,8,8,7,0.890716552734375,10364,"NT_0002_P_00000(__a=NT_0001_P_00001(__a=NT_0001_P_00001(__a=NT_0001_P_00001(__a=NT_0001_P_00001(__a=NT_0001_P_00001(__a=NT_0001_P_00001(__a=NT_0001_P_00001(__a=NT_0001_P_00002()))))))), __b=False)"
0.0,9,9,8,1.1134059429168701,10364,"NT_0002_P_00000(__a=NT_0001_P_00001(__a=NT_0001_P_00001(__a=NT_0001_P_00001(__a=NT_0001_P_00001(__a=NT_0001_P_00001(__a=NT_0001_P_00001(__a=NT_0001_P_00001(__a=NT_0001_P_00001(__a=NT_0001_P_00002())))))))), __b=False)"
