Fitness,Depth,Nodes,Generations,time_since_the_start_of_the_evolution,seed,genotype_as_str
6.0,13,13,1,0.21510601043701172,140170,"NT_0019_P_00000(__a=NT_0003_P_00000(__a=NT_0002_P_00000(__a=NT_0002_P_00000(__a=NT_0002_P_00000(__a=NT_0002_P_00000(__a=NT_0002_P_00000(__a=NT_0002_P_00000(__a=NT_0002_P_00000(__a=NT_0002_P_00000(__a=NT_0002_P_00000(__a=NT_0002_P_00001(__a=NT_0000_P_00000(__a=76, __b=98)))))))))))))"
4.0,14,14,2,0.385847806930542,140170,"NT_0019_P_00000(__a=NT_0003_P_00000(__a=NT_0002_P_00000(__a=NT_0002_P_00000(__a=NT_0002_P_00000(__a=NT_0002_P_00000(__a=NT_0002_P_00000(__a=NT_0002_P_00000(__a=NT_0002_P_00000(__a=NT_0002_P_00000(__a=NT_0002_P_00000(__a=NT_0002_P_00000(__a=NT_0002_P_00001(__a=NT_0000_P_00000(__a=10, __b=62))))))))))))))"
2.0,15,15,3,0.6306583881378174,140170,"NT_0019_P_00000(__a=NT_0003_P_00000(__a=NT_0002_P_00000(__a=NT_0002_P_00000(__a=NT_0002_P_00000(__a=NT_0002_P_00000(__a=NT_0002_P_00000(__a=NT_0002_P_00000(__a=NT_0002_P_00000(__a=NT_0002_P_00000(__a=NT_0002_P_00000(__a=NT_0002_P_00000(__a=NT_0002_P_00000(__a=NT_0002_P_00001(__a=NT_0000_P_00000(__a=10, __b=62)))))))))))))))"
0.0,16,16,4,0.9354507923126221,140170,"NT_0019_P_00000(__a=NT_0003_P_00000(__a=NT_0002_P_00000(__a=NT_0002_P_00000(__a=NT_0002_P_00000(__a=NT_0002_P_00000(__a=NT_0002_P_00000(__a=NT_0002_P_00000(__a=NT_0002_P_00000(__a=NT_0002_P_00000(__a=NT_0002_P_00000(__a=NT_0002_P_00000(__a=NT_0002_P_00000(__a=NT_0002_P_00000(__a=NT_0002_P_00001(__a=NT_0000_P_00000(__a=11, __b=30))))))))))))))))"
