Fitness,Depth,Nodes,Generations,time_since_the_start_of_the_evolution,seed,genotype_as_str
4.0,6,6,1,0.11697125434875488,20130,"NT_0009_P_00000(__a=NT_0002_P_00000(__a=NT_0000_P_00003(__a=NT_0000_P_00003(__a=NT_0000_P_00000(__a=False, __b=NT_0000_P_00003(__a=NT_0000_P_00001(), __b=1)), __b=25), __b=4), __b=NT_0002_P_00001()))"
4.0,6,6,2,0.2637755870819092,20130,"NT_0009_P_00000(__a=NT_0002_P_00000(__a=NT_0000_P_00003(__a=NT_0000_P_00003(__a=NT_0000_P_00000(__a=False, __b=NT_0000_P_00003(__a=NT_0000_P_00001(), __b=1)), __b=25), __b=4), __b=NT_0002_P_00001()))"
4.0,6,6,3,0.39060544967651367,20130,"NT_0009_P_00000(__a=NT_0002_P_00000(__a=NT_0000_P_00003(__a=NT_0000_P_00003(__a=NT_0000_P_00000(__a=False, __b=NT_0000_P_00003(__a=NT_0000_P_00001(), __b=1)), __b=25), __b=4), __b=NT_0002_P_00001()))"
4.0,6,6,4,0.4971952438354492,20130,"NT_0009_P_00000(__a=NT_0002_P_00000(__a=NT_0000_P_00003(__a=NT_0000_P_00003(__a=NT_0000_P_00000(__a=False, __b=NT_0000_P_00003(__a=NT_0000_P_00001(), __b=1)), __b=25), __b=4), __b=NT_0002_P_00001()))"
2.0,9,9,5,0.6386168003082275,20130,"NT_0009_P_00000(__a=NT_0002_P_00000(__a=NT_0000_P_00003(__a=NT_0000_P_00003(__a=NT_0000_P_00000(__a=False, __b=NT_0000_P_00003(__a=NT_0000_P_00003(__a=NT_0000_P_00000(__a=False, __b=NT_0000_P_00003(__a=NT_0000_P_00001(), __b=1)), __b=25), __b=4)), __b=25), __b=4), __b=NT_0002_P_00001()))"
0.0,10,10,6,0.9690868854522705,20130,"NT_0009_P_00000(__a=NT_0002_P_00000(__a=NT_0000_P_00003(__a=NT_0000_P_00003(__a=NT_0000_P_00003(__a=NT_0000_P_00003(__a=NT_0000_P_00003(__a=NT_0000_P_00003(__a=NT_0000_P_00000(__a=False, __b=NT_0000_P_00003(__a=NT_0000_P_00001(), __b=1)), __b=25), __b=4), __b=25), __b=4), __b=25), __b=4), __b=NT_0002_P_00001()))"
