Fitness,Depth,Nodes,Generations,time_since_the_start_of_the_evolution,seed,genotype_as_str
2.0,8,8,1,0.19588589668273926,10060,NT_0010_P_00003(__a=NT_0001_P_00004(__a=NT_0001_P_00004(__a=NT_0001_P_00004(__a=NT_0001_P_00004(__a=NT_0001_P_00004(__a=NT_0001_P_00004(__a=NT_0001_P_00004(__a=NT_0001_P_00005()))))))))
0.0,9,9,2,0.4096078872680664,10060,NT_0010_P_00003(__a=NT_0001_P_00004(__a=NT_0001_P_00004(__a=NT_0001_P_00004(__a=NT_0001_P_00004(__a=NT_0001_P_00004(__a=NT_0001_P_00004(__a=NT_0001_P_00004(__a=NT_0001_P_00004(__a=NT_0001_P_00005())))))))))
