Fitness,Depth,Nodes,Generations,time_since_the_start_of_the_evolution,seed,genotype_as_str
2.0,9,9,1,0.2437429428100586,30332,NT_0004_P_00002(__a=NT_0004_P_00002(__a=NT_0004_P_00002(__a=NT_0004_P_00001(__a=NT_0004_P_00001(__a=NT_0004_P_00002(__a=NT_0004_P_00002(__a=NT_0004_P_00001(__a=NT_0004_P_00000(__a=NT_0003_P_00000())))))))))
2.0,9,9,2,0.4576108455657959,30332,NT_0004_P_00002(__a=NT_0004_P_00002(__a=NT_0004_P_00002(__a=NT_0004_P_00001(__a=NT_0004_P_00001(__a=NT_0004_P_00002(__a=NT_0004_P_00002(__a=NT_0004_P_00001(__a=NT_0004_P_00000(__a=NT_0003_P_00000())))))))))
0.0,9,9,3,0.7124745845794678,30332,NT_0004_P_00002(__a=NT_0004_P_00001(__a=NT_0004_P_00001(__a=NT_0004_P_00002(__a=NT_0004_P_00002(__a=NT_0004_P_00001(__a=NT_0004_P_00002(__a=NT_0004_P_00001(__a=NT_0004_P_00000(__a=NT_0003_P_00000())))))))))
