Fitness,Depth,Nodes,Generations,time_since_the_start_of_the_evolution,seed,genotype_as_str
2.0,9,9,1,0.13793683052062988,20207,NT_0003_P_00000(__a=NT_0003_P_00000(__a=NT_0003_P_00000(__a=NT_0003_P_00000(__a=NT_0003_P_00000(__a=NT_0003_P_00000(__a=NT_0003_P_00000(__a=NT_0003_P_00001(__a=NT_0000_P_00000(__a=True)))))))))
0.0,11,11,2,0.2977738380432129,20207,NT_0003_P_00000(__a=NT_0003_P_00000(__a=NT_0003_P_00000(__a=NT_0003_P_00000(__a=NT_0003_P_00000(__a=NT_0003_P_00000(__a=NT_0003_P_00000(__a=NT_0003_P_00000(__a=NT_0003_P_00000(__a=NT_0003_P_00001(__a=NT_0000_P_00000(__a=True)))))))))))
