Fitness,Depth,Nodes,Generations,time_since_the_start_of_the_evolution,seed,genotype_as_str
6.0,11,13,1,0.33327627182006836,20242,"NT_0008_P_00000(__a=NT_0001_P_00002(__a=True), __b=NT_0007_P_00000(__a=NT_0002_P_00000()), __c=NT_0007_P_00000(__a=NT_0002_P_00001(__a=NT_0002_P_00001(__a=NT_0002_P_00002(__a=NT_0002_P_00001(__a=NT_0002_P_00001(__a=NT_0002_P_00001(__a=NT_0002_P_00002(__a=NT_0002_P_00001(__a=NT_0002_P_00001(__a=NT_0002_P_00000())))))))))))"
6.0,11,13,2,0.6693120002746582,20242,"NT_0008_P_00000(__a=NT_0001_P_00002(__a=True), __b=NT_0007_P_00000(__a=NT_0002_P_00000()), __c=NT_0007_P_00000(__a=NT_0002_P_00001(__a=NT_0002_P_00001(__a=NT_0002_P_00002(__a=NT_0002_P_00001(__a=NT_0002_P_00001(__a=NT_0002_P_00001(__a=NT_0002_P_00002(__a=NT_0002_P_00001(__a=NT_0002_P_00001(__a=NT_0002_P_00000())))))))))))"
4.0,9,10,3,0.9080095291137695,20242,"NT_0008_P_00000(__a=NT_0001_P_00002(__a=True), __b=NT_0007_P_00000(__a=NT_0002_P_00002(__a=NT_0002_P_00001(__a=NT_0002_P_00001(__a=NT_0002_P_00002(__a=NT_0002_P_00001(__a=NT_0002_P_00001(__a=NT_0002_P_00002(__a=NT_0002_P_00000())))))))), __c=NT_0007_P_00001())"
4.0,9,10,4,1.1737511157989502,20242,"NT_0008_P_00000(__a=NT_0001_P_00002(__a=True), __b=NT_0007_P_00000(__a=NT_0002_P_00002(__a=NT_0002_P_00001(__a=NT_0002_P_00001(__a=NT_0002_P_00002(__a=NT_0002_P_00001(__a=NT_0002_P_00001(__a=NT_0002_P_00002(__a=NT_0002_P_00000())))))))), __c=NT_0007_P_00001())"
0.0,11,12,5,1.4745655059814453,20242,"NT_0008_P_00000(__a=NT_0001_P_00002(__a=True), __b=NT_0007_P_00000(__a=NT_0002_P_00002(__a=NT_0002_P_00001(__a=NT_0002_P_00001(__a=NT_0002_P_00002(__a=NT_0002_P_00001(__a=NT_0002_P_00001(__a=NT_0002_P_00002(__a=NT_0002_P_00001(__a=NT_0002_P_00001(__a=NT_0002_P_00000())))))))))), __c=NT_0007_P_00001())"
