Fitness,Depth,Nodes,Generations,time_since_the_start_of_the_evolution,seed,genotype_as_str
11.0,9,9,1,0.16777443885803223,777,"NT_0009_P_00003(__a=NT_0003_P_00003(__a=NT_0003_P_00003(__a=NT_0003_P_00000(__a=NT_0003_P_00003(__a=NT_0003_P_00003(__a=NT_0003_P_00003(__a=NT_0003_P_00000(__a=NT_0003_P_00002(__a=NT_0001_P_00000())))))))), __b=NT_0002_P_00005())"
9.0,8,10,2,0.29860496520996094,777,"NT_0009_P_00003(__a=NT_0003_P_00003(__a=NT_0003_P_00003(__a=NT_0003_P_00003(__a=NT_0003_P_00000(__a=NT_0003_P_00003(__a=NT_0003_P_00003(__a=NT_0003_P_00002(__a=NT_0001_P_00000()))))))), __b=NT_0002_P_00004(__a=NT_0002_P_00004(__a=NT_0002_P_00005())))"
7.0,9,11,3,0.4940183162689209,777,"NT_0009_P_00003(__a=NT_0003_P_00003(__a=NT_0003_P_00003(__a=NT_0003_P_00000(__a=NT_0003_P_00003(__a=NT_0003_P_00003(__a=NT_0003_P_00003(__a=NT_0003_P_00000(__a=NT_0003_P_00002(__a=NT_0001_P_00000())))))))), __b=NT_0002_P_00004(__a=NT_0002_P_00004(__a=NT_0002_P_00005())))"
2.0,10,12,4,0.6595180034637451,777,"NT_0009_P_00003(__a=NT_0003_P_00000(__a=NT_0003_P_00003(__a=NT_0003_P_00000(__a=NT_0003_P_00000(__a=NT_0003_P_00000(__a=NT_0003_P_00000(__a=NT_0003_P_00003(__a=NT_0003_P_00002(__a=NT_0001_P_00003(__a=34))))))))), __b=NT_0002_P_00004(__a=NT_0002_P_00004(__a=NT_0002_P_00005())))"
2.0,10,12,5,1.0759758949279785,777,"NT_0009_P_00003(__a=NT_0003_P_00000(__a=NT_0003_P_00003(__a=NT_0003_P_00000(__a=NT_0003_P_00000(__a=NT_0003_P_00000(__a=NT_0003_P_00000(__a=NT_0003_P_00003(__a=NT_0003_P_00002(__a=NT_0001_P_00003(__a=34))))))))), __b=NT_0002_P_00004(__a=NT_0002_P_00004(__a=NT_0002_P_00005())))"
2.0,10,12,6,1.6150894165039062,777,"NT_0009_P_00003(__a=NT_0003_P_00000(__a=NT_0003_P_00003(__a=NT_0003_P_00000(__a=NT_0003_P_00000(__a=NT_0003_P_00000(__a=NT_0003_P_00000(__a=NT_0003_P_00003(__a=NT_0003_P_00002(__a=NT_0001_P_00003(__a=34))))))))), __b=NT_0002_P_00004(__a=NT_0002_P_00004(__a=NT_0002_P_00005())))"
