Fitness,Depth,Nodes,Generations,time_since_the_start_of_the_evolution,seed,genotype_as_str
3.0,3,3,1,0.06769204139709473,20910,"NT_0016_P_00001(__a=NT_0014_P_00005(__a=NT_0003_P_00002(__a=True), __b=94), __b=NT_0014_P_00000())"
3.0,3,3,2,0.1170339584350586,20910,"NT_0016_P_00001(__a=NT_0014_P_00005(__a=NT_0003_P_00002(__a=True), __b=94), __b=NT_0014_P_00000())"
3.0,3,3,3,0.1425628662109375,20910,"NT_0016_P_00001(__a=NT_0014_P_00005(__a=NT_0003_P_00002(__a=True), __b=94), __b=NT_0014_P_00000())"
3.0,3,3,4,0.1804039478302002,20910,"NT_0016_P_00001(__a=NT_0014_P_00005(__a=NT_0003_P_00002(__a=True), __b=94), __b=NT_0014_P_00000())"
3.0,3,3,5,0.20972990989685059,20910,"NT_0016_P_00001(__a=NT_0014_P_00005(__a=NT_0003_P_00002(__a=True), __b=94), __b=NT_0014_P_00000())"
3.0,3,4,6,0.22577929496765137,20910,"NT_0016_P_00001(__a=NT_0014_P_00005(__a=NT_0003_P_00003(__a=16, __b=True), __b=77), __b=NT_0014_P_00003(__a=9))"
0.0,3,3,7,0.261563777923584,20910,"NT_0016_P_00001(__a=NT_0014_P_00005(__a=NT_0003_P_00003(__a=73, __b=False), __b=94), __b=NT_0014_P_00000())"
