Fitness,Depth,Nodes,Generations,time_since_the_start_of_the_evolution,seed,genotype_as_str
31.0,5,8,1,0.8225769996643066,50097,"NT_0010_P_00004(__a=NT_0005_P_00001(__a=NT_0002_P_00002(__a=NT_0001_P_00000(__a=NT_0000_P_00001(__a=72, __b=85, __c=True))), __b=False), __b=NT_0002_P_00001(__a=NT_0002_P_00001(__a=NT_0002_P_00000(__a=17), __b=33), __b=70))"
28.0,5,10,2,1.5242977142333984,50097,"NT_0010_P_00005(__a=NT_0002_P_00001(__a=NT_0002_P_00001(__a=NT_0002_P_00001(__a=NT_0002_P_00000(__a=25), __b=32), __b=55), __b=47), __b=51, __c=NT_0008_P_00001(__a=NT_0006_P_00006(__a=NT_0003_P_00000(), __b=NT_0005_P_00002(__a=True), __c=NT_0003_P_00001(__a=NT_0002_P_00000(__a=83), __b=False)), __b=False))"
22.0,5,6,3,2.1345958709716797,50097,"NT_0010_P_00005(__a=NT_0002_P_00001(__a=NT_0002_P_00001(__a=NT_0002_P_00001(__a=NT_0002_P_00000(__a=25), __b=32), __b=55), __b=47), __b=51, __c=NT_0008_P_00004(__a=78, __b=NT_0003_P_00000()))"
22.0,5,6,4,2.654418706893921,50097,"NT_0010_P_00005(__a=NT_0002_P_00001(__a=NT_0002_P_00001(__a=NT_0002_P_00001(__a=NT_0002_P_00000(__a=25), __b=32), __b=55), __b=47), __b=51, __c=NT_0008_P_00004(__a=78, __b=NT_0003_P_00000()))"
22.0,5,6,5,3.280224084854126,50097,"NT_0010_P_00005(__a=NT_0002_P_00001(__a=NT_0002_P_00001(__a=NT_0002_P_00001(__a=NT_0002_P_00000(__a=25), __b=32), __b=55), __b=47), __b=51, __c=NT_0008_P_00004(__a=78, __b=NT_0003_P_00000()))"
19.0,6,7,6,3.779829740524292,50097,"NT_0010_P_00005(__a=NT_0002_P_00001(__a=NT_0002_P_00001(__a=NT_0002_P_00001(__a=NT_0002_P_00001(__a=NT_0002_P_00000(__a=66), __b=89), __b=27), __b=91), __b=24), __b=51, __c=NT_0008_P_00004(__a=78, __b=NT_0003_P_00000()))"
3.0,11,11,7,4.215367794036865,50097,"NT_0010_P_00000(__a=NT_0007_P_00006(__a=NT_0002_P_00001(__a=NT_0002_P_00001(__a=NT_0002_P_00001(__a=NT_0002_P_00001(__a=NT_0002_P_00001(__a=NT_0002_P_00001(__a=NT_0002_P_00001(__a=NT_0002_P_00001(__a=NT_0002_P_00000(__a=17), __b=57), __b=6), __b=44), __b=89), __b=27), __b=91), __b=24), __b=45), __b=NT_0003_P_00000()))"
0.0,12,12,8,4.691280841827393,50097,"NT_0010_P_00000(__a=NT_0007_P_00006(__a=NT_0002_P_00001(__a=NT_0002_P_00001(__a=NT_0002_P_00001(__a=NT_0002_P_00001(__a=NT_0002_P_00001(__a=NT_0002_P_00001(__a=NT_0002_P_00001(__a=NT_0002_P_00001(__a=NT_0002_P_00001(__a=NT_0002_P_00000(__a=57), __b=79), __b=57), __b=6), __b=44), __b=89), __b=27), __b=91), __b=24), __b=45), __b=NT_0003_P_00000()))"
