Fitness,Depth,Nodes,Generations,time_since_the_start_of_the_evolution,seed,genotype_as_str
14.0,8,8,1,0.35365772247314453,30592,"NT_0012_P_00000(__a=3, __b=NT_0012_P_00000(__a=61, __b=NT_0012_P_00000(__a=90, __b=NT_0012_P_00000(__a=56, __b=NT_0012_P_00000(__a=3, __b=NT_0012_P_00001(__a=NT_0006_P_00000(__a=NT_0001_P_00001(__a=NT_0001_P_00000()), __b=45), __b=False))))))"
14.0,8,8,2,0.6930475234985352,30592,"NT_0012_P_00000(__a=3, __b=NT_0012_P_00000(__a=61, __b=NT_0012_P_00000(__a=90, __b=NT_0012_P_00000(__a=56, __b=NT_0012_P_00000(__a=3, __b=NT_0012_P_00001(__a=NT_0006_P_00000(__a=NT_0001_P_00001(__a=NT_0001_P_00000()), __b=45), __b=False))))))"
10.0,11,11,3,0.9348461627960205,30592,"NT_0012_P_00000(__a=57, __b=NT_0012_P_00000(__a=88, __b=NT_0012_P_00000(__a=90, __b=NT_0012_P_00000(__a=58, __b=NT_0012_P_00000(__a=32, __b=NT_0012_P_00000(__a=94, __b=NT_0012_P_00000(__a=24, __b=NT_0012_P_00001(__a=NT_0006_P_00000(__a=NT_0001_P_00001(__a=NT_0001_P_00001(__a=NT_0001_P_00000())), __b=51), __b=False))))))))"
3.0,10,10,4,1.2862834930419922,30592,"NT_0012_P_00000(__a=26, __b=NT_0012_P_00000(__a=70, __b=NT_0012_P_00000(__a=96, __b=NT_0012_P_00000(__a=8, __b=NT_0012_P_00000(__a=21, __b=NT_0012_P_00000(__a=47, __b=NT_0012_P_00000(__a=47, __b=NT_0012_P_00000(__a=6, __b=NT_0012_P_00001(__a=NT_0006_P_00000(__a=NT_0001_P_00000(), __b=96), __b=True)))))))))"
0.0,11,11,5,1.9745404720306396,30592,"NT_0012_P_00000(__a=3, __b=NT_0012_P_00000(__a=61, __b=NT_0012_P_00000(__a=90, __b=NT_0012_P_00000(__a=56, __b=NT_0012_P_00000(__a=3, __b=NT_0012_P_00000(__a=61, __b=NT_0012_P_00000(__a=90, __b=NT_0012_P_00000(__a=56, __b=NT_0012_P_00000(__a=18, __b=NT_0012_P_00001(__a=NT_0006_P_00000(__a=NT_0001_P_00000(), __b=52), __b=False))))))))))"
