Fitness,Depth,Nodes,Generations,time_since_the_start_of_the_evolution,seed,genotype_as_str
6.0,4,4,1,0.1463611125946045,951,NT_0007_P_00001(__a=NT_0003_P_00001(__a=NT_0003_P_00001(__a=NT_0003_P_00002(__a=False))))
6.0,4,4,2,0.26952147483825684,951,NT_0007_P_00001(__a=NT_0003_P_00001(__a=NT_0003_P_00001(__a=NT_0003_P_00002(__a=False))))
6.0,4,4,3,0.4036576747894287,951,NT_0007_P_00001(__a=NT_0003_P_00001(__a=NT_0003_P_00001(__a=NT_0003_P_00002(__a=False))))
4.0,5,5,4,0.5644185543060303,951,NT_0007_P_00001(__a=NT_0003_P_00001(__a=NT_0003_P_00001(__a=NT_0003_P_00001(__a=NT_0003_P_00002(__a=True)))))
2.0,6,6,5,0.7527172565460205,951,NT_0007_P_00001(__a=NT_0003_P_00001(__a=NT_0003_P_00001(__a=NT_0003_P_00001(__a=NT_0003_P_00001(__a=NT_0003_P_00002(__a=False))))))
2.0,6,6,6,0.9041309356689453,951,NT_0007_P_00001(__a=NT_0003_P_00001(__a=NT_0003_P_00001(__a=NT_0003_P_00001(__a=NT_0003_P_00001(__a=NT_0003_P_00002(__a=False))))))
2.0,6,6,7,1.053455114364624,951,NT_0007_P_00001(__a=NT_0003_P_00001(__a=NT_0003_P_00001(__a=NT_0003_P_00001(__a=NT_0003_P_00001(__a=NT_0003_P_00002(__a=False))))))
2.0,6,6,8,1.2101216316223145,951,NT_0007_P_00001(__a=NT_0003_P_00001(__a=NT_0003_P_00001(__a=NT_0003_P_00001(__a=NT_0003_P_00001(__a=NT_0003_P_00002(__a=False))))))
0.0,7,7,9,1.4280998706817627,951,NT_0007_P_00001(__a=NT_0003_P_00001(__a=NT_0003_P_00001(__a=NT_0003_P_00001(__a=NT_0003_P_00001(__a=NT_0003_P_00001(__a=NT_0003_P_00002(__a=False)))))))
