Fitness,Depth,Nodes,Generations,time_since_the_start_of_the_evolution,seed,genotype_as_str
15.0,4,4,1,0.15670013427734375,10487,"NT_0010_P_00000(__a=NT_0009_P_00000(__a=38, __b=NT_0009_P_00000(__a=18, __b=NT_0009_P_00000(__a=50, __b=NT_0009_P_00002()))))"
12.0,5,5,2,0.3107874393463135,10487,"NT_0010_P_00000(__a=NT_0009_P_00000(__a=38, __b=NT_0009_P_00000(__a=38, __b=NT_0009_P_00000(__a=18, __b=NT_0009_P_00000(__a=50, __b=NT_0009_P_00002())))))"
12.0,5,5,3,0.4881441593170166,10487,"NT_0010_P_00000(__a=NT_0009_P_00000(__a=38, __b=NT_0009_P_00000(__a=38, __b=NT_0009_P_00000(__a=18, __b=NT_0009_P_00000(__a=50, __b=NT_0009_P_00002())))))"
9.0,6,6,4,0.6123604774475098,10487,"NT_0010_P_00000(__a=NT_0009_P_00000(__a=38, __b=NT_0009_P_00000(__a=18, __b=NT_0009_P_00000(__a=18, __b=NT_0009_P_00000(__a=18, __b=NT_0009_P_00000(__a=50, __b=NT_0009_P_00002()))))))"
3.0,8,8,5,0.7048726081848145,10487,"NT_0010_P_00000(__a=NT_0009_P_00000(__a=38, __b=NT_0009_P_00000(__a=38, __b=NT_0009_P_00000(__a=18, __b=NT_0009_P_00000(__a=18, __b=NT_0009_P_00000(__a=18, __b=NT_0009_P_00000(__a=18, __b=NT_0009_P_00000(__a=50, __b=NT_0009_P_00002()))))))))"
0.0,9,9,6,0.8198609352111816,10487,"NT_0010_P_00000(__a=NT_0009_P_00000(__a=18, __b=NT_0009_P_00000(__a=38, __b=NT_0009_P_00000(__a=18, __b=NT_0009_P_00000(__a=38, __b=NT_0009_P_00000(__a=18, __b=NT_0009_P_00000(__a=18, __b=NT_0009_P_00000(__a=18, __b=NT_0009_P_00000(__a=50, __b=NT_0009_P_00002())))))))))"
