Fitness,Depth,Nodes,Generations,time_since_the_start_of_the_evolution,seed,genotype_as_str
20.0,6,6,1,0.22348475456237793,951,"NT_0007_P_00001(__a=NT_0003_P_00001(__a=NT_0003_P_00001(__a=NT_0003_P_00001(__a=NT_0003_P_00000(__a=NT_0000_P_00002(__a=72, __b=True), __b=11, __c=False)))))"
18.0,7,7,2,0.346646785736084,951,"NT_0007_P_00001(__a=NT_0003_P_00001(__a=NT_0003_P_00001(__a=NT_0003_P_00001(__a=NT_0003_P_00001(__a=NT_0003_P_00000(__a=NT_0000_P_00002(__a=72, __b=True), __b=11, __c=False))))))"
15.0,8,8,3,0.4709467887878418,951,"NT_0007_P_00001(__a=NT_0003_P_00001(__a=NT_0003_P_00001(__a=NT_0003_P_00001(__a=NT_0003_P_00001(__a=NT_0003_P_00001(__a=NT_0003_P_00000(__a=NT_0000_P_00000(__a=True), __b=76, __c=True)))))))"
11.0,10,10,4,0.5988125801086426,951,"NT_0007_P_00001(__a=NT_0003_P_00001(__a=NT_0003_P_00001(__a=NT_0003_P_00001(__a=NT_0003_P_00001(__a=NT_0003_P_00001(__a=NT_0003_P_00001(__a=NT_0003_P_00001(__a=NT_0003_P_00000(__a=NT_0000_P_00000(__a=False), __b=11, __c=False)))))))))"
11.0,10,10,5,0.7620248794555664,951,"NT_0007_P_00001(__a=NT_0003_P_00001(__a=NT_0003_P_00001(__a=NT_0003_P_00001(__a=NT_0003_P_00001(__a=NT_0003_P_00001(__a=NT_0003_P_00001(__a=NT_0003_P_00001(__a=NT_0003_P_00000(__a=NT_0000_P_00000(__a=False), __b=11, __c=False)))))))))"
7.0,12,12,6,1.0069217681884766,951,"NT_0007_P_00001(__a=NT_0003_P_00001(__a=NT_0003_P_00001(__a=NT_0003_P_00001(__a=NT_0003_P_00001(__a=NT_0003_P_00001(__a=NT_0003_P_00001(__a=NT_0003_P_00001(__a=NT_0003_P_00001(__a=NT_0003_P_00001(__a=NT_0003_P_00000(__a=NT_0000_P_00000(__a=False), __b=11, __c=False)))))))))))"
0.0,14,14,7,1.1418907642364502,951,"NT_0007_P_00001(__a=NT_0003_P_00001(__a=NT_0003_P_00001(__a=NT_0003_P_00001(__a=NT_0003_P_00001(__a=NT_0003_P_00001(__a=NT_0003_P_00001(__a=NT_0003_P_00001(__a=NT_0003_P_00001(__a=NT_0003_P_00001(__a=NT_0003_P_00001(__a=NT_0003_P_00001(__a=NT_0003_P_00000(__a=NT_0000_P_00001(__a=12), __b=11, __c=False)))))))))))))"
