Fitness,Depth,Nodes,Generations,time_since_the_start_of_the_evolution,seed,genotype_as_str
14.0,4,4,1,0.05205726623535156,495,NT_0007_P_00000(__a=NT_0000_P_00003(__a=NT_0000_P_00001(__a=NT_0000_P_00001(__a=NT_0000_P_00004()))))
10.0,6,6,2,0.1281745433807373,495,NT_0007_P_00000(__a=NT_0000_P_00001(__a=NT_0000_P_00003(__a=NT_0000_P_00001(__a=NT_0000_P_00003(__a=NT_0000_P_00003(__a=NT_0000_P_00004()))))))
10.0,6,6,3,0.2383120059967041,495,NT_0007_P_00000(__a=NT_0000_P_00001(__a=NT_0000_P_00003(__a=NT_0000_P_00001(__a=NT_0000_P_00003(__a=NT_0000_P_00003(__a=NT_0000_P_00004()))))))
10.0,6,6,4,0.3454451560974121,495,NT_0007_P_00000(__a=NT_0000_P_00001(__a=NT_0000_P_00003(__a=NT_0000_P_00001(__a=NT_0000_P_00003(__a=NT_0000_P_00003(__a=NT_0000_P_00004()))))))
10.0,6,6,5,0.49015307426452637,495,NT_0007_P_00000(__a=NT_0000_P_00001(__a=NT_0000_P_00003(__a=NT_0000_P_00001(__a=NT_0000_P_00003(__a=NT_0000_P_00003(__a=NT_0000_P_00004()))))))
10.0,6,6,6,0.6056811809539795,495,NT_0007_P_00000(__a=NT_0000_P_00001(__a=NT_0000_P_00003(__a=NT_0000_P_00001(__a=NT_0000_P_00003(__a=NT_0000_P_00003(__a=NT_0000_P_00004()))))))
2.0,10,10,7,0.7206616401672363,495,NT_0007_P_00000(__a=NT_0000_P_00001(__a=NT_0000_P_00001(__a=NT_0000_P_00003(__a=NT_0000_P_00001(__a=NT_0000_P_00001(__a=NT_0000_P_00003(__a=NT_0000_P_00001(__a=NT_0000_P_00001(__a=NT_0000_P_00003(__a=NT_0000_P_00004()))))))))))
2.0,10,10,8,0.8169772624969482,495,NT_0007_P_00000(__a=NT_0000_P_00001(__a=NT_0000_P_00001(__a=NT_0000_P_00003(__a=NT_0000_P_00001(__a=NT_0000_P_00001(__a=NT_0000_P_00003(__a=NT_0000_P_00001(__a=NT_0000_P_00001(__a=NT_0000_P_00003(__a=NT_0000_P_00004()))))))))))
0.0,11,11,9,1.0773932933807373,495,NT_0007_P_00000(__a=NT_0000_P_00001(__a=NT_0000_P_00001(__a=NT_0000_P_00001(__a=NT_0000_P_00003(__a=NT_0000_P_00001(__a=NT_0000_P_00001(__a=NT_0000_P_00003(__a=NT_0000_P_00001(__a=NT_0000_P_00003(__a=NT_0000_P_00001(__a=NT_0000_P_00004())))))))))))
