Fitness,Depth,Nodes,Generations,time_since_the_start_of_the_evolution,seed,genotype_as_str
65.0,7,9,1,0.3532993793487549,60760,"NT_0008_P_00000(__a=NT_0006_P_00000(__a=NT_0003_P_00000(__a=21, __b=NT_0003_P_00000(__a=12, __b=NT_0003_P_00004(__a=NT_0002_P_00001(__a=NT_0001_P_00002(__a=96)), __b=NT_0001_P_00001(__a=NT_0001_P_00002(__a=46), __b=True))))))"
65.0,7,9,2,0.6986730098724365,60760,"NT_0008_P_00000(__a=NT_0006_P_00000(__a=NT_0003_P_00000(__a=21, __b=NT_0003_P_00000(__a=12, __b=NT_0003_P_00004(__a=NT_0002_P_00001(__a=NT_0001_P_00002(__a=96)), __b=NT_0001_P_00001(__a=NT_0001_P_00002(__a=46), __b=True))))))"
65.0,7,9,3,1.122483491897583,60760,"NT_0008_P_00000(__a=NT_0006_P_00000(__a=NT_0003_P_00000(__a=21, __b=NT_0003_P_00000(__a=12, __b=NT_0003_P_00004(__a=NT_0002_P_00001(__a=NT_0001_P_00002(__a=96)), __b=NT_0001_P_00001(__a=NT_0001_P_00002(__a=46), __b=True))))))"
65.0,7,9,4,1.5171725749969482,60760,"NT_0008_P_00000(__a=NT_0006_P_00000(__a=NT_0003_P_00000(__a=21, __b=NT_0003_P_00000(__a=12, __b=NT_0003_P_00004(__a=NT_0002_P_00001(__a=NT_0001_P_00002(__a=96)), __b=NT_0001_P_00001(__a=NT_0001_P_00002(__a=46), __b=True))))))"
65.0,7,9,5,1.8872075080871582,60760,"NT_0008_P_00000(__a=NT_0006_P_00000(__a=NT_0003_P_00000(__a=21, __b=NT_0003_P_00000(__a=12, __b=NT_0003_P_00004(__a=NT_0002_P_00001(__a=NT_0001_P_00002(__a=96)), __b=NT_0001_P_00001(__a=NT_0001_P_00002(__a=46), __b=True))))))"
