Fitness,Depth,Nodes,Generations,time_since_the_start_of_the_evolution,seed,genotype_as_str
16.0,6,6,1,0.29735445976257324,951,"NT_0007_P_00001(__a=NT_0003_P_00001(__a=NT_0003_P_00001(__a=NT_0003_P_00001(__a=NT_0003_P_00000(__a=NT_0000_P_00002(__a=72, __b=True), __b=11, __c=False)))))"
14.0,7,7,2,0.4398646354675293,951,"NT_0007_P_00001(__a=NT_0003_P_00001(__a=NT_0003_P_00001(__a=NT_0003_P_00001(__a=NT_0003_P_00001(__a=NT_0003_P_00000(__a=NT_0000_P_00002(__a=72, __b=True), __b=11, __c=False))))))"
11.0,8,8,3,0.530188798904419,951,"NT_0007_P_00001(__a=NT_0003_P_00001(__a=NT_0003_P_00001(__a=NT_0003_P_00001(__a=NT_0003_P_00001(__a=NT_0003_P_00001(__a=NT_0003_P_00000(__a=NT_0000_P_00000(__a=True), __b=76, __c=True)))))))"
7.0,10,10,4,0.6266229152679443,951,"NT_0007_P_00001(__a=NT_0003_P_00001(__a=NT_0003_P_00001(__a=NT_0003_P_00001(__a=NT_0003_P_00001(__a=NT_0003_P_00001(__a=NT_0003_P_00001(__a=NT_0003_P_00001(__a=NT_0003_P_00000(__a=NT_0000_P_00000(__a=False), __b=11, __c=False)))))))))"
7.0,10,10,5,0.7344803810119629,951,"NT_0007_P_00001(__a=NT_0003_P_00001(__a=NT_0003_P_00001(__a=NT_0003_P_00001(__a=NT_0003_P_00001(__a=NT_0003_P_00001(__a=NT_0003_P_00001(__a=NT_0003_P_00001(__a=NT_0003_P_00000(__a=NT_0000_P_00000(__a=False), __b=11, __c=False)))))))))"
7.0,10,10,6,0.8377869129180908,951,"NT_0007_P_00001(__a=NT_0003_P_00001(__a=NT_0003_P_00001(__a=NT_0003_P_00001(__a=NT_0003_P_00001(__a=NT_0003_P_00001(__a=NT_0003_P_00001(__a=NT_0003_P_00001(__a=NT_0003_P_00000(__a=NT_0000_P_00000(__a=False), __b=11, __c=False)))))))))"
0.0,12,12,7,0.9784772396087646,951,"NT_0007_P_00001(__a=NT_0003_P_00001(__a=NT_0003_P_00001(__a=NT_0003_P_00001(__a=NT_0003_P_00001(__a=NT_0003_P_00001(__a=NT_0003_P_00001(__a=NT_0003_P_00001(__a=NT_0003_P_00001(__a=NT_0003_P_00001(__a=NT_0003_P_00000(__a=NT_0000_P_00001(__a=29), __b=11, __c=False)))))))))))"
