Fitness,Depth,Nodes,Generations,time_since_the_start_of_the_evolution,seed,genotype_as_str
10.0,8,8,1,0.20389866828918457,20246,NT_0012_P_00000(__a=NT_0012_P_00000(__a=NT_0012_P_00000(__a=NT_0012_P_00000(__a=NT_0012_P_00000(__a=NT_0012_P_00000(__a=NT_0012_P_00000(__a=NT_0012_P_00001(__a=NT_0006_P_00000()))))))))
6.0,10,10,2,0.4400629997253418,20246,NT_0012_P_00000(__a=NT_0012_P_00000(__a=NT_0012_P_00000(__a=NT_0012_P_00000(__a=NT_0012_P_00000(__a=NT_0012_P_00000(__a=NT_0012_P_00000(__a=NT_0012_P_00000(__a=NT_0012_P_00000(__a=NT_0012_P_00001(__a=NT_0006_P_00000()))))))))))
2.0,14,14,3,0.7110109329223633,20246,NT_0012_P_00000(__a=NT_0012_P_00000(__a=NT_0012_P_00000(__a=NT_0012_P_00000(__a=NT_0012_P_00000(__a=NT_0012_P_00000(__a=NT_0012_P_00000(__a=NT_0012_P_00000(__a=NT_0012_P_00000(__a=NT_0012_P_00000(__a=NT_0012_P_00000(__a=NT_0012_P_00000(__a=NT_0012_P_00000(__a=NT_0012_P_00001(__a=NT_0006_P_00000()))))))))))))))
0.0,13,13,4,0.9851458072662354,20246,NT_0012_P_00000(__a=NT_0012_P_00000(__a=NT_0012_P_00000(__a=NT_0012_P_00000(__a=NT_0012_P_00000(__a=NT_0012_P_00000(__a=NT_0012_P_00000(__a=NT_0012_P_00000(__a=NT_0012_P_00000(__a=NT_0012_P_00000(__a=NT_0012_P_00000(__a=NT_0012_P_00000(__a=NT_0012_P_00001(__a=NT_0006_P_00000())))))))))))))
