Fitness,Depth,Nodes,Generations,time_since_the_start_of_the_evolution,seed,genotype_as_str
2.0,9,9,1,1.1246721744537354,40254,"NT_0008_P_00003(__a=NT_0004_P_00004(), __b=NT_0007_P_00001(__a=NT_0002_P_00000(), __b=NT_0006_P_00000(__a=NT_0006_P_00000(__a=NT_0006_P_00000(__a=NT_0006_P_00000(__a=NT_0006_P_00000(__a=NT_0006_P_00000(__a=NT_0006_P_00000(__a=NT_0006_P_00003()))))))), __c=NT_0006_P_00003(), __d=86, __e=True, __f=True))"
2.0,9,9,2,2.0575244426727295,40254,"NT_0008_P_00003(__a=NT_0004_P_00004(), __b=NT_0007_P_00001(__a=NT_0002_P_00000(), __b=NT_0006_P_00000(__a=NT_0006_P_00000(__a=NT_0006_P_00000(__a=NT_0006_P_00000(__a=NT_0006_P_00000(__a=NT_0006_P_00000(__a=NT_0006_P_00000(__a=NT_0006_P_00003()))))))), __c=NT_0006_P_00003(), __d=86, __e=True, __f=True))"
2.0,9,9,3,2.9611856937408447,40254,"NT_0008_P_00003(__a=NT_0004_P_00004(), __b=NT_0007_P_00001(__a=NT_0002_P_00000(), __b=NT_0006_P_00000(__a=NT_0006_P_00000(__a=NT_0006_P_00000(__a=NT_0006_P_00000(__a=NT_0006_P_00000(__a=NT_0006_P_00000(__a=NT_0006_P_00000(__a=NT_0006_P_00003()))))))), __c=NT_0006_P_00003(), __d=86, __e=True, __f=True))"
0.0,8,10,4,3.6187992095947266,40254,"NT_0008_P_00003(__a=NT_0004_P_00004(), __b=NT_0007_P_00001(__a=NT_0002_P_00002(__a=NT_0002_P_00000()), __b=NT_0006_P_00000(__a=NT_0006_P_00000(__a=NT_0006_P_00000(__a=NT_0006_P_00000(__a=NT_0006_P_00000(__a=NT_0006_P_00000(__a=NT_0006_P_00003())))))), __c=NT_0006_P_00000(__a=NT_0006_P_00003()), __d=33, __e=True, __f=False))"
