Fitness,Depth,Nodes,Generations,time_since_the_start_of_the_evolution,seed,genotype_as_str
10.0,3,3,1,0.10828566551208496,10364,"NT_0002_P_00000(__a=NT_0001_P_00001(__a=NT_0001_P_00001(__a=NT_0001_P_00002())), __b=False)"
10.0,3,3,2,0.20649290084838867,10364,"NT_0002_P_00000(__a=NT_0001_P_00001(__a=NT_0001_P_00001(__a=NT_0001_P_00002())), __b=False)"
9.0,4,4,3,0.29746031761169434,10364,"NT_0002_P_00000(__a=NT_0001_P_00001(__a=NT_0001_P_00001(__a=NT_0001_P_00001(__a=NT_0001_P_00002()))), __b=False)"
9.0,4,4,4,0.4186573028564453,10364,"NT_0002_P_00000(__a=NT_0001_P_00001(__a=NT_0001_P_00001(__a=NT_0001_P_00001(__a=NT_0001_P_00002()))), __b=False)"
8.0,5,5,5,0.5321133136749268,10364,"NT_0002_P_00000(__a=NT_0001_P_00001(__a=NT_0001_P_00001(__a=NT_0001_P_00001(__a=NT_0001_P_00001(__a=NT_0001_P_00002())))), __b=False)"
6.0,7,7,6,0.669072151184082,10364,"NT_0002_P_00000(__a=NT_0001_P_00001(__a=NT_0001_P_00001(__a=NT_0001_P_00001(__a=NT_0001_P_00001(__a=NT_0001_P_00001(__a=NT_0001_P_00001(__a=NT_0001_P_00003())))))), __b=False)"
5.0,8,8,7,0.8546416759490967,10364,"NT_0002_P_00000(__a=NT_0001_P_00001(__a=NT_0001_P_00001(__a=NT_0001_P_00001(__a=NT_0001_P_00001(__a=NT_0001_P_00001(__a=NT_0001_P_00001(__a=NT_0001_P_00001(__a=NT_0001_P_00002()))))))), __b=False)"
4.0,9,9,8,1.0280330181121826,10364,"NT_0002_P_00000(__a=NT_0001_P_00001(__a=NT_0001_P_00001(__a=NT_0001_P_00001(__a=NT_0001_P_00001(__a=NT_0001_P_00001(__a=NT_0001_P_00001(__a=NT_0001_P_00001(__a=NT_0001_P_00001(__a=NT_0001_P_00002())))))))), __b=False)"
0.0,13,13,9,1.2542922496795654,10364,"NT_0002_P_00000(__a=NT_0001_P_00001(__a=NT_0001_P_00001(__a=NT_0001_P_00001(__a=NT_0001_P_00001(__a=NT_0001_P_00001(__a=NT_0001_P_00001(__a=NT_0001_P_00001(__a=NT_0001_P_00001(__a=NT_0001_P_00001(__a=NT_0001_P_00001(__a=NT_0001_P_00001(__a=NT_0001_P_00001(__a=NT_0001_P_00002())))))))))))), __b=False)"
