Fitness,Depth,Nodes,Generations,time_since_the_start_of_the_evolution,seed,genotype_as_str
7.0,6,6,1,0.24043655395507812,100,"NT_0006_P_00001(__a=NT_0004_P_00004(), __b=NT_0000_P_00001(__a=NT_0000_P_00001(__a=NT_0000_P_00001(__a=NT_0000_P_00001(__a=NT_0000_P_00000(__a=12))))))"
5.0,7,7,2,0.44808101654052734,100,"NT_0006_P_00001(__a=NT_0004_P_00004(), __b=NT_0000_P_00001(__a=NT_0000_P_00001(__a=NT_0000_P_00001(__a=NT_0000_P_00001(__a=NT_0000_P_00001(__a=NT_0000_P_00000(__a=12)))))))"
5.0,7,7,3,0.6503453254699707,100,"NT_0006_P_00001(__a=NT_0004_P_00004(), __b=NT_0000_P_00001(__a=NT_0000_P_00001(__a=NT_0000_P_00001(__a=NT_0000_P_00001(__a=NT_0000_P_00001(__a=NT_0000_P_00000(__a=12)))))))"
0.0,8,9,4,0.8645410537719727,100,"NT_0006_P_00001(__a=NT_0004_P_00005(__a=93), __b=NT_0000_P_00001(__a=NT_0000_P_00001(__a=NT_0000_P_00001(__a=NT_0000_P_00001(__a=NT_0000_P_00001(__a=NT_0000_P_00001(__a=NT_0000_P_00000(__a=12))))))))"
