Fitness,Depth,Nodes,Generations,time_since_the_start_of_the_evolution,seed,genotype_as_str
6.0,11,11,1,0.33626389503479004,30332,NT_0004_P_00002(__a=NT_0004_P_00002(__a=NT_0004_P_00002(__a=NT_0004_P_00001(__a=NT_0004_P_00001(__a=NT_0004_P_00002(__a=NT_0004_P_00002(__a=NT_0004_P_00001(__a=NT_0004_P_00002(__a=NT_0004_P_00002(__a=NT_0004_P_00000(__a=NT_0003_P_00000())))))))))))
2.0,11,11,2,0.6558911800384521,30332,NT_0004_P_00001(__a=NT_0004_P_00002(__a=NT_0004_P_00002(__a=NT_0004_P_00001(__a=NT_0004_P_00001(__a=NT_0004_P_00002(__a=NT_0004_P_00001(__a=NT_0004_P_00001(__a=NT_0004_P_00001(__a=NT_0004_P_00001(__a=NT_0004_P_00000(__a=NT_0003_P_00000())))))))))))
0.0,11,11,3,1.0248916149139404,30332,NT_0004_P_00001(__a=NT_0004_P_00002(__a=NT_0004_P_00001(__a=NT_0004_P_00002(__a=NT_0004_P_00001(__a=NT_0004_P_00002(__a=NT_0004_P_00001(__a=NT_0004_P_00001(__a=NT_0004_P_00002(__a=NT_0004_P_00001(__a=NT_0004_P_00000(__a=NT_0003_P_00000())))))))))))
