Fitness,Depth,Nodes,Generations,time_since_the_start_of_the_evolution,seed,genotype_as_str
14.0,9,9,1,0.22714543342590332,20246,NT_0012_P_00000(__a=NT_0012_P_00000(__a=NT_0012_P_00000(__a=NT_0012_P_00000(__a=NT_0012_P_00000(__a=NT_0012_P_00000(__a=NT_0012_P_00000(__a=NT_0012_P_00000(__a=NT_0012_P_00001(__a=NT_0006_P_00000())))))))))
10.0,11,11,2,0.511749267578125,20246,NT_0012_P_00000(__a=NT_0012_P_00000(__a=NT_0012_P_00000(__a=NT_0012_P_00000(__a=NT_0012_P_00000(__a=NT_0012_P_00000(__a=NT_0012_P_00000(__a=NT_0012_P_00000(__a=NT_0012_P_00000(__a=NT_0012_P_00000(__a=NT_0012_P_00001(__a=NT_0006_P_00000())))))))))))
0.0,15,15,3,0.8188564777374268,20246,NT_0012_P_00000(__a=NT_0012_P_00000(__a=NT_0012_P_00000(__a=NT_0012_P_00000(__a=NT_0012_P_00000(__a=NT_0012_P_00000(__a=NT_0012_P_00000(__a=NT_0012_P_00000(__a=NT_0012_P_00000(__a=NT_0012_P_00000(__a=NT_0012_P_00000(__a=NT_0012_P_00000(__a=NT_0012_P_00000(__a=NT_0012_P_00000(__a=NT_0012_P_00001(__a=NT_0006_P_00002())))))))))))))))
