Fitness,Depth,Nodes,Generations,time_since_the_start_of_the_evolution,seed,genotype_as_str
11.0,9,10,1,0.16941046714782715,890,"NT_0003_P_00001(__a=NT_0000_P_00000(__a=False), __b=NT_0001_P_00002(__a=NT_0001_P_00002(__a=NT_0001_P_00000(__a=41, __b=NT_0001_P_00002(__a=NT_0001_P_00000(__a=50, __b=NT_0001_P_00000(__a=62, __b=NT_0001_P_00000(__a=26, __b=NT_0001_P_00002(__a=NT_0001_P_00001())))))))))"
6.0,10,11,2,0.40139341354370117,890,"NT_0003_P_00001(__a=NT_0000_P_00000(__a=False), __b=NT_0001_P_00002(__a=NT_0001_P_00002(__a=NT_0001_P_00000(__a=8, __b=NT_0001_P_00000(__a=97, __b=NT_0001_P_00002(__a=NT_0001_P_00002(__a=NT_0001_P_00002(__a=NT_0001_P_00002(__a=NT_0001_P_00000(__a=3, __b=NT_0001_P_00001()))))))))))"
6.0,10,11,3,0.6277153491973877,890,"NT_0003_P_00001(__a=NT_0000_P_00000(__a=False), __b=NT_0001_P_00002(__a=NT_0001_P_00002(__a=NT_0001_P_00000(__a=8, __b=NT_0001_P_00000(__a=97, __b=NT_0001_P_00002(__a=NT_0001_P_00002(__a=NT_0001_P_00002(__a=NT_0001_P_00002(__a=NT_0001_P_00000(__a=3, __b=NT_0001_P_00001()))))))))))"
5.0,11,12,4,0.8889391422271729,890,"NT_0003_P_00001(__a=NT_0000_P_00000(__a=False), __b=NT_0001_P_00002(__a=NT_0001_P_00000(__a=96, __b=NT_0001_P_00000(__a=21, __b=NT_0001_P_00002(__a=NT_0001_P_00002(__a=NT_0001_P_00002(__a=NT_0001_P_00002(__a=NT_0001_P_00002(__a=NT_0001_P_00002(__a=NT_0001_P_00002(__a=NT_0001_P_00001())))))))))))"
4.0,11,12,5,1.1822993755340576,890,"NT_0003_P_00001(__a=NT_0000_P_00000(__a=True), __b=NT_0001_P_00002(__a=NT_0001_P_00000(__a=80, __b=NT_0001_P_00002(__a=NT_0001_P_00002(__a=NT_0001_P_00002(__a=NT_0001_P_00000(__a=41, __b=NT_0001_P_00000(__a=94, __b=NT_0001_P_00002(__a=NT_0001_P_00002(__a=NT_0001_P_00002(__a=NT_0001_P_00001())))))))))))"
0.0,13,14,6,1.409942388534546,890,"NT_0003_P_00001(__a=NT_0000_P_00000(__a=False), __b=NT_0001_P_00002(__a=NT_0001_P_00002(__a=NT_0001_P_00000(__a=97, __b=NT_0001_P_00002(__a=NT_0001_P_00002(__a=NT_0001_P_00002(__a=NT_0001_P_00000(__a=87, __b=NT_0001_P_00002(__a=NT_0001_P_00002(__a=NT_0001_P_00002(__a=NT_0001_P_00000(__a=96, __b=NT_0001_P_00002(__a=NT_0001_P_00001())))))))))))))"
