Fitness,Depth,Nodes,Generations,time_since_the_start_of_the_evolution,seed,genotype_as_str
2.0,6,6,1,0.04106855392456055,10697,"NT_0004_P_00000(__a=NT_0003_P_00000(), __b=NT_0003_P_00001(__a=NT_0002_P_00003(__a=NT_0002_P_00003(__a=NT_0002_P_00003(__a=NT_0002_P_00004(__a=False, __b=87)))), __b=92))"
2.0,6,6,2,0.07003116607666016,10697,"NT_0004_P_00000(__a=NT_0003_P_00001(__a=NT_0002_P_00003(__a=NT_0002_P_00003(__a=NT_0002_P_00003(__a=NT_0002_P_00004(__a=True, __b=52)))), __b=69), __b=NT_0003_P_00000())"
2.0,6,6,3,0.11404633522033691,10697,"NT_0004_P_00000(__a=NT_0003_P_00001(__a=NT_0002_P_00003(__a=NT_0002_P_00003(__a=NT_0002_P_00003(__a=NT_0002_P_00004(__a=True, __b=52)))), __b=69), __b=NT_0003_P_00000())"
2.0,6,6,4,0.16555428504943848,10697,"NT_0004_P_00000(__a=NT_0003_P_00001(__a=NT_0002_P_00003(__a=NT_0002_P_00003(__a=NT_0002_P_00003(__a=NT_0002_P_00004(__a=True, __b=52)))), __b=69), __b=NT_0003_P_00000())"
0.0,7,7,5,0.22562813758850098,10697,"NT_0004_P_00000(__a=NT_0003_P_00000(), __b=NT_0003_P_00001(__a=NT_0002_P_00003(__a=NT_0002_P_00003(__a=NT_0002_P_00003(__a=NT_0002_P_00003(__a=NT_0002_P_00004(__a=False, __b=51))))), __b=92))"
