Fitness,Depth,Nodes,Generations,time_since_the_start_of_the_evolution,seed,genotype_as_str
12.0,7,7,1,0.1473374366760254,10846,"NT_0007_P_00000(__a=NT_0007_P_00000(__a=NT_0007_P_00000(__a=NT_0007_P_00000(__a=NT_0007_P_00001(__a=NT_0005_P_00000(__a=NT_0004_P_00001(__a=NT_0002_P_00000(), __b=NT_0003_P_00000())))))))"
12.0,7,7,2,0.2689170837402344,10846,"NT_0007_P_00000(__a=NT_0007_P_00000(__a=NT_0007_P_00000(__a=NT_0007_P_00000(__a=NT_0007_P_00001(__a=NT_0005_P_00000(__a=NT_0004_P_00001(__a=NT_0002_P_00000(), __b=NT_0003_P_00000())))))))"
0.0,13,13,3,0.42389583587646484,10846,"NT_0007_P_00000(__a=NT_0007_P_00000(__a=NT_0007_P_00000(__a=NT_0007_P_00000(__a=NT_0007_P_00000(__a=NT_0007_P_00000(__a=NT_0007_P_00000(__a=NT_0007_P_00000(__a=NT_0007_P_00000(__a=NT_0007_P_00000(__a=NT_0007_P_00001(__a=NT_0005_P_00000(__a=NT_0004_P_00001(__a=NT_0002_P_00000(), __b=NT_0003_P_00000())))))))))))))"
