Fitness,Depth,Nodes,Generations,time_since_the_start_of_the_evolution,seed,genotype_as_str
1.0,6,6,1,0.18881607055664062,20130,"NT_0009_P_00000(__a=NT_0002_P_00000(__a=NT_0000_P_00003(__a=NT_0000_P_00003(__a=NT_0000_P_00000(__a=False, __b=NT_0000_P_00003(__a=NT_0000_P_00001(), __b=1)), __b=25), __b=4), __b=NT_0002_P_00001()))"
1.0,6,6,2,0.351513147354126,20130,"NT_0009_P_00000(__a=NT_0002_P_00000(__a=NT_0000_P_00003(__a=NT_0000_P_00003(__a=NT_0000_P_00000(__a=False, __b=NT_0000_P_00003(__a=NT_0000_P_00001(), __b=1)), __b=25), __b=4), __b=NT_0002_P_00001()))"
1.0,6,6,3,0.5107531547546387,20130,"NT_0009_P_00000(__a=NT_0002_P_00000(__a=NT_0000_P_00003(__a=NT_0000_P_00003(__a=NT_0000_P_00000(__a=False, __b=NT_0000_P_00003(__a=NT_0000_P_00001(), __b=1)), __b=25), __b=4), __b=NT_0002_P_00001()))"
1.0,6,6,4,0.6381587982177734,20130,"NT_0009_P_00000(__a=NT_0002_P_00000(__a=NT_0000_P_00003(__a=NT_0000_P_00003(__a=NT_0000_P_00000(__a=False, __b=NT_0000_P_00003(__a=NT_0000_P_00001(), __b=1)), __b=25), __b=4), __b=NT_0002_P_00001()))"
1.0,6,6,5,0.8565928936004639,20130,"NT_0009_P_00000(__a=NT_0002_P_00000(__a=NT_0000_P_00003(__a=NT_0000_P_00003(__a=NT_0000_P_00000(__a=False, __b=NT_0000_P_00003(__a=NT_0000_P_00001(), __b=1)), __b=25), __b=4), __b=NT_0002_P_00001()))"
0.0,7,7,6,1.2921524047851562,20130,"NT_0009_P_00000(__a=NT_0002_P_00000(__a=NT_0000_P_00003(__a=NT_0000_P_00003(__a=NT_0000_P_00003(__a=NT_0000_P_00000(__a=False, __b=NT_0000_P_00003(__a=NT_0000_P_00001(), __b=1)), __b=62), __b=25), __b=4), __b=NT_0002_P_00001()))"
