Fitness,Depth,Nodes,Generations,time_since_the_start_of_the_evolution,seed,genotype_as_str
14.0,8,8,1,0.23821330070495605,10060,NT_0010_P_00003(__a=NT_0001_P_00004(__a=NT_0001_P_00004(__a=NT_0001_P_00004(__a=NT_0001_P_00004(__a=NT_0001_P_00004(__a=NT_0001_P_00004(__a=NT_0001_P_00004(__a=NT_0001_P_00005()))))))))
0.0,15,15,2,0.5050344467163086,10060,NT_0010_P_00003(__a=NT_0001_P_00004(__a=NT_0001_P_00004(__a=NT_0001_P_00004(__a=NT_0001_P_00004(__a=NT_0001_P_00004(__a=NT_0001_P_00004(__a=NT_0001_P_00004(__a=NT_0001_P_00004(__a=NT_0001_P_00004(__a=NT_0001_P_00004(__a=NT_0001_P_00004(__a=NT_0001_P_00004(__a=NT_0001_P_00004(__a=NT_0001_P_00004(__a=NT_0001_P_00005())))))))))))))))
