Fitness,Depth,Nodes,Generations,time_since_the_start_of_the_evolution,seed,genotype_as_str
5.0,10,10,1,0.25286293029785156,30461,"NT_0017_P_00000(__a=51, __b=NT_0001_P_00001(__a=NT_0001_P_00001(__a=NT_0001_P_00001(__a=NT_0001_P_00001(__a=NT_0001_P_00001(__a=NT_0001_P_00001(__a=NT_0001_P_00001(__a=NT_0001_P_00001(__a=NT_0001_P_00001(__a=NT_0001_P_00000(), __b=40), __b=68), __b=22), __b=98), __b=33), __b=68), __b=22), __b=98), __b=33))"
4.0,11,11,2,0.557701826095581,30461,"NT_0017_P_00000(__a=51, __b=NT_0001_P_00001(__a=NT_0001_P_00001(__a=NT_0001_P_00001(__a=NT_0001_P_00001(__a=NT_0001_P_00001(__a=NT_0001_P_00001(__a=NT_0001_P_00001(__a=NT_0001_P_00001(__a=NT_0001_P_00001(__a=NT_0001_P_00001(__a=NT_0001_P_00000(), __b=20), __b=71), __b=59), __b=53), __b=60), __b=49), __b=32), __b=38), __b=71), __b=29))"
0.0,15,15,3,0.9251666069030762,30461,"NT_0017_P_00000(__a=51, __b=NT_0001_P_00001(__a=NT_0001_P_00001(__a=NT_0001_P_00001(__a=NT_0001_P_00001(__a=NT_0001_P_00001(__a=NT_0001_P_00001(__a=NT_0001_P_00001(__a=NT_0001_P_00001(__a=NT_0001_P_00001(__a=NT_0001_P_00001(__a=NT_0001_P_00001(__a=NT_0001_P_00001(__a=NT_0001_P_00001(__a=NT_0001_P_00001(__a=NT_0001_P_00000(), __b=40), __b=68), __b=22), __b=98), __b=33), __b=68), __b=22), __b=98), __b=33), __b=33), __b=68), __b=22), __b=98), __b=33))"
