Fitness,Depth,Nodes,Generations,time_since_the_start_of_the_evolution,seed,genotype_as_str
2.0,12,12,1,0.5772185325622559,40212,NT_0004_P_00000(__a=NT_0004_P_00000(__a=NT_0004_P_00000(__a=NT_0004_P_00000(__a=NT_0004_P_00000(__a=NT_0004_P_00000(__a=NT_0004_P_00000(__a=NT_0004_P_00000(__a=NT_0004_P_00000(__a=NT_0004_P_00000(__a=NT_0004_P_00001(__a=NT_0000_P_00001(__a=0))))))))))))
2.0,12,12,2,1.2917790412902832,40212,NT_0004_P_00000(__a=NT_0004_P_00000(__a=NT_0004_P_00000(__a=NT_0004_P_00000(__a=NT_0004_P_00000(__a=NT_0004_P_00000(__a=NT_0004_P_00000(__a=NT_0004_P_00000(__a=NT_0004_P_00000(__a=NT_0004_P_00000(__a=NT_0004_P_00001(__a=NT_0000_P_00001(__a=0))))))))))))
2.0,12,12,3,1.8358230590820312,40212,NT_0004_P_00000(__a=NT_0004_P_00000(__a=NT_0004_P_00000(__a=NT_0004_P_00000(__a=NT_0004_P_00000(__a=NT_0004_P_00000(__a=NT_0004_P_00000(__a=NT_0004_P_00000(__a=NT_0004_P_00000(__a=NT_0004_P_00000(__a=NT_0004_P_00001(__a=NT_0000_P_00001(__a=0))))))))))))
0.0,12,12,4,2.2663726806640625,40212,NT_0004_P_00000(__a=NT_0004_P_00000(__a=NT_0004_P_00000(__a=NT_0004_P_00000(__a=NT_0004_P_00000(__a=NT_0004_P_00000(__a=NT_0004_P_00000(__a=NT_0004_P_00000(__a=NT_0004_P_00000(__a=NT_0004_P_00000(__a=NT_0004_P_00001(__a=NT_0000_P_00002(__a=57))))))))))))
