Fitness,Depth,Nodes,Generations,time_since_the_start_of_the_evolution,seed,genotype_as_str
3.0,3,3,1,0.06261730194091797,20910,"NT_0016_P_00001(__a=NT_0014_P_00005(__a=NT_0003_P_00002(__a=True), __b=94), __b=NT_0014_P_00000())"
3.0,3,3,2,0.10769176483154297,20910,"NT_0016_P_00001(__a=NT_0014_P_00005(__a=NT_0003_P_00002(__a=True), __b=94), __b=NT_0014_P_00000())"
0.0,3,3,3,0.14560580253601074,20910,"NT_0016_P_00001(__a=NT_0014_P_00005(__a=NT_0003_P_00003(__a=83, __b=True), __b=94), __b=NT_0014_P_00000())"
