Fitness,Depth,Nodes,Generations,time_since_the_start_of_the_evolution,seed,genotype_as_str
10.0,12,12,1,0.3204207420349121,30332,NT_0004_P_00002(__a=NT_0004_P_00002(__a=NT_0004_P_00002(__a=NT_0004_P_00001(__a=NT_0004_P_00001(__a=NT_0004_P_00002(__a=NT_0004_P_00002(__a=NT_0004_P_00001(__a=NT_0004_P_00002(__a=NT_0004_P_00002(__a=NT_0004_P_00002(__a=NT_0004_P_00000(__a=NT_0003_P_00000()))))))))))))
8.0,11,11,2,0.6109254360198975,30332,NT_0004_P_00001(__a=NT_0004_P_00001(__a=NT_0004_P_00001(__a=NT_0004_P_00002(__a=NT_0004_P_00002(__a=NT_0004_P_00001(__a=NT_0004_P_00002(__a=NT_0004_P_00002(__a=NT_0004_P_00001(__a=NT_0004_P_00002(__a=NT_0004_P_00000(__a=NT_0003_P_00000())))))))))))
4.0,16,16,3,0.9975404739379883,30332,NT_0004_P_00001(__a=NT_0004_P_00001(__a=NT_0004_P_00001(__a=NT_0004_P_00002(__a=NT_0004_P_00002(__a=NT_0004_P_00001(__a=NT_0004_P_00002(__a=NT_0004_P_00001(__a=NT_0004_P_00001(__a=NT_0004_P_00002(__a=NT_0004_P_00002(__a=NT_0004_P_00001(__a=NT_0004_P_00002(__a=NT_0004_P_00002(__a=NT_0004_P_00002(__a=NT_0004_P_00000(__a=NT_0003_P_00000()))))))))))))))))
4.0,16,16,4,1.3638901710510254,30332,NT_0004_P_00001(__a=NT_0004_P_00001(__a=NT_0004_P_00001(__a=NT_0004_P_00002(__a=NT_0004_P_00002(__a=NT_0004_P_00001(__a=NT_0004_P_00002(__a=NT_0004_P_00001(__a=NT_0004_P_00001(__a=NT_0004_P_00002(__a=NT_0004_P_00002(__a=NT_0004_P_00001(__a=NT_0004_P_00002(__a=NT_0004_P_00002(__a=NT_0004_P_00002(__a=NT_0004_P_00000(__a=NT_0003_P_00000()))))))))))))))))
0.0,15,15,5,1.7032139301300049,30332,NT_0004_P_00002(__a=NT_0004_P_00001(__a=NT_0004_P_00002(__a=NT_0004_P_00002(__a=NT_0004_P_00002(__a=NT_0004_P_00002(__a=NT_0004_P_00001(__a=NT_0004_P_00001(__a=NT_0004_P_00001(__a=NT_0004_P_00001(__a=NT_0004_P_00001(__a=NT_0004_P_00001(__a=NT_0004_P_00001(__a=NT_0004_P_00002(__a=NT_0004_P_00000(__a=NT_0003_P_00000())))))))))))))))
