Fitness,Depth,Nodes,Generations,time_since_the_start_of_the_evolution,seed,genotype_as_str
3.0,7,7,1,0.1855006217956543,162,NT_0003_P_00002(__a=NT_0003_P_00002(__a=NT_0003_P_00002(__a=NT_0003_P_00002(__a=NT_0003_P_00002(__a=NT_0003_P_00000(__a=NT_0002_P_00002(__a=17)))))))
3.0,7,7,2,0.5030684471130371,162,NT_0003_P_00002(__a=NT_0003_P_00002(__a=NT_0003_P_00002(__a=NT_0003_P_00002(__a=NT_0003_P_00002(__a=NT_0003_P_00000(__a=NT_0002_P_00002(__a=17)))))))
3.0,7,7,3,0.6980414390563965,162,NT_0003_P_00002(__a=NT_0003_P_00002(__a=NT_0003_P_00002(__a=NT_0003_P_00002(__a=NT_0003_P_00002(__a=NT_0003_P_00000(__a=NT_0002_P_00002(__a=17)))))))
3.0,7,7,4,0.8968582153320312,162,NT_0003_P_00002(__a=NT_0003_P_00002(__a=NT_0003_P_00002(__a=NT_0003_P_00002(__a=NT_0003_P_00002(__a=NT_0003_P_00000(__a=NT_0002_P_00002(__a=17)))))))
3.0,7,7,5,1.031679391860962,162,NT_0003_P_00002(__a=NT_0003_P_00002(__a=NT_0003_P_00002(__a=NT_0003_P_00002(__a=NT_0003_P_00002(__a=NT_0003_P_00000(__a=NT_0002_P_00002(__a=17)))))))
2.0,7,7,6,1.2788736820220947,162,NT_0003_P_00002(__a=NT_0003_P_00002(__a=NT_0003_P_00002(__a=NT_0003_P_00002(__a=NT_0003_P_00002(__a=NT_0003_P_00002(__a=NT_0003_P_00001(__a=False)))))))
2.0,7,7,7,1.4586260318756104,162,NT_0003_P_00002(__a=NT_0003_P_00002(__a=NT_0003_P_00002(__a=NT_0003_P_00002(__a=NT_0003_P_00002(__a=NT_0003_P_00002(__a=NT_0003_P_00001(__a=False)))))))
1.0,8,8,8,1.5811750888824463,162,NT_0003_P_00002(__a=NT_0003_P_00002(__a=NT_0003_P_00002(__a=NT_0003_P_00002(__a=NT_0003_P_00002(__a=NT_0003_P_00002(__a=NT_0003_P_00002(__a=NT_0003_P_00001(__a=True))))))))
0.0,9,9,9,1.779263973236084,162,NT_0003_P_00002(__a=NT_0003_P_00002(__a=NT_0003_P_00002(__a=NT_0003_P_00002(__a=NT_0003_P_00002(__a=NT_0003_P_00002(__a=NT_0003_P_00002(__a=NT_0003_P_00002(__a=NT_0003_P_00000(__a=NT_0002_P_00001())))))))))
