Fitness,Depth,Nodes,Generations,time_since_the_start_of_the_evolution,seed,genotype_as_str
18.0,4,6,1,0.6385073661804199,50097,"NT_0010_P_00005(__a=NT_0002_P_00001(__a=NT_0002_P_00001(__a=NT_0002_P_00000(__a=62), __b=42), __b=65), __b=10, __c=NT_0008_P_00003(__a=NT_0000_P_00002(__a=False)))"
18.0,4,6,2,1.3881375789642334,50097,"NT_0010_P_00005(__a=NT_0002_P_00001(__a=NT_0002_P_00001(__a=NT_0002_P_00000(__a=62), __b=42), __b=65), __b=10, __c=NT_0008_P_00003(__a=NT_0000_P_00002(__a=False)))"
12.0,7,7,3,1.9249367713928223,50097,"NT_0010_P_00000(__a=NT_0007_P_00001(__a=NT_0005_P_00007(__a=True, __b=NT_0002_P_00001(__a=NT_0002_P_00001(__a=NT_0002_P_00001(__a=NT_0002_P_00000(__a=47), __b=94), __b=4), __b=66))))"
9.0,8,8,4,2.290151596069336,50097,"NT_0010_P_00000(__a=NT_0007_P_00001(__a=NT_0005_P_00007(__a=True, __b=NT_0002_P_00001(__a=NT_0002_P_00001(__a=NT_0002_P_00001(__a=NT_0002_P_00001(__a=NT_0002_P_00000(__a=54), __b=36), __b=94), __b=4), __b=66))))"
9.0,8,8,5,2.748878002166748,50097,"NT_0010_P_00000(__a=NT_0007_P_00001(__a=NT_0005_P_00007(__a=True, __b=NT_0002_P_00001(__a=NT_0002_P_00001(__a=NT_0002_P_00001(__a=NT_0002_P_00001(__a=NT_0002_P_00000(__a=54), __b=36), __b=94), __b=4), __b=66))))"
9.0,8,8,6,3.373629331588745,50097,"NT_0010_P_00000(__a=NT_0007_P_00001(__a=NT_0005_P_00007(__a=True, __b=NT_0002_P_00001(__a=NT_0002_P_00001(__a=NT_0002_P_00001(__a=NT_0002_P_00001(__a=NT_0002_P_00000(__a=54), __b=36), __b=94), __b=4), __b=66))))"
3.0,7,7,7,3.929710626602173,50097,"NT_0010_P_00000(__a=NT_0007_P_00006(__a=NT_0002_P_00001(__a=NT_0002_P_00001(__a=NT_0002_P_00001(__a=NT_0002_P_00001(__a=NT_0002_P_00000(__a=88), __b=91), __b=6), __b=3), __b=24), __b=NT_0003_P_00000()))"
3.0,7,7,8,4.350061893463135,50097,"NT_0010_P_00000(__a=NT_0007_P_00006(__a=NT_0002_P_00001(__a=NT_0002_P_00001(__a=NT_0002_P_00001(__a=NT_0002_P_00001(__a=NT_0002_P_00000(__a=88), __b=91), __b=6), __b=3), __b=24), __b=NT_0003_P_00000()))"
0.0,8,8,9,4.812300205230713,50097,"NT_0010_P_00000(__a=NT_0007_P_00006(__a=NT_0002_P_00001(__a=NT_0002_P_00001(__a=NT_0002_P_00001(__a=NT_0002_P_00001(__a=NT_0002_P_00001(__a=NT_0002_P_00000(__a=51), __b=54), __b=44), __b=6), __b=3), __b=24), __b=NT_0003_P_00000()))"
