Fitness,Depth,Nodes,Generations,time_since_the_start_of_the_evolution,seed,genotype_as_str
6.0,8,8,1,0.2204906940460205,10060,NT_0010_P_00003(__a=NT_0001_P_00004(__a=NT_0001_P_00004(__a=NT_0001_P_00004(__a=NT_0001_P_00004(__a=NT_0001_P_00004(__a=NT_0001_P_00004(__a=NT_0001_P_00004(__a=NT_0001_P_00005()))))))))
0.0,11,11,2,0.4890940189361572,10060,NT_0010_P_00003(__a=NT_0001_P_00004(__a=NT_0001_P_00004(__a=NT_0001_P_00004(__a=NT_0001_P_00004(__a=NT_0001_P_00004(__a=NT_0001_P_00004(__a=NT_0001_P_00004(__a=NT_0001_P_00004(__a=NT_0001_P_00004(__a=NT_0001_P_00004(__a=NT_0001_P_00005())))))))))))
