Fitness,Depth,Nodes,Generations,time_since_the_start_of_the_evolution,seed,genotype_as_str
2.0,11,12,1,0.6048011779785156,40212,"NT_0004_P_00000(__a=NT_0004_P_00000(__a=NT_0004_P_00000(__a=NT_0004_P_00000(__a=NT_0004_P_00000(__a=NT_0004_P_00000(__a=NT_0004_P_00000(__a=NT_0004_P_00000(__a=NT_0004_P_00001(__a=NT_0000_P_00000(__a=True, __b=NT_0000_P_00001(__a=2), __c=NT_0000_P_00001(__a=37)))))))))))"
2.0,11,12,2,1.2632741928100586,40212,"NT_0004_P_00000(__a=NT_0004_P_00000(__a=NT_0004_P_00000(__a=NT_0004_P_00000(__a=NT_0004_P_00000(__a=NT_0004_P_00000(__a=NT_0004_P_00000(__a=NT_0004_P_00000(__a=NT_0004_P_00001(__a=NT_0000_P_00000(__a=True, __b=NT_0000_P_00001(__a=2), __c=NT_0000_P_00001(__a=37)))))))))))"
0.0,12,12,3,1.8941621780395508,40212,NT_0004_P_00000(__a=NT_0004_P_00000(__a=NT_0004_P_00000(__a=NT_0004_P_00000(__a=NT_0004_P_00000(__a=NT_0004_P_00000(__a=NT_0004_P_00000(__a=NT_0004_P_00000(__a=NT_0004_P_00000(__a=NT_0004_P_00000(__a=NT_0004_P_00001(__a=NT_0000_P_00002(__a=91))))))))))))
