Fitness,Depth,Nodes,Generations,time_since_the_start_of_the_evolution,seed,genotype_as_str
14.0,5,6,1,0.4721958637237549,10121,"NT_0007_P_00000(__a=NT_0005_P_00001(__a=NT_0005_P_00002(__a=25, __b=NT_0003_P_00002(__a=NT_0000_P_00001(__a=83, __b=25)))), __b=NT_0001_P_00001(__a=53))"
13.0,7,8,2,0.7955613136291504,10121,"NT_0007_P_00000(__a=NT_0005_P_00000(__a=NT_0005_P_00001(__a=NT_0005_P_00001(__a=NT_0005_P_00002(__a=12, __b=NT_0003_P_00002(__a=NT_0000_P_00002(__a=83)))))), __b=NT_0001_P_00001(__a=72))"
4.0,10,11,3,1.1287457942962646,10121,"NT_0007_P_00000(__a=NT_0005_P_00001(__a=NT_0005_P_00000(__a=NT_0005_P_00000(__a=NT_0005_P_00001(__a=NT_0005_P_00000(__a=NT_0005_P_00001(__a=NT_0005_P_00002(__a=22, __b=NT_0003_P_00002(__a=NT_0000_P_00001(__a=5, __b=80))))))))), __b=NT_0001_P_00001(__a=2))"
4.0,10,11,4,1.419015645980835,10121,"NT_0007_P_00000(__a=NT_0005_P_00001(__a=NT_0005_P_00000(__a=NT_0005_P_00000(__a=NT_0005_P_00001(__a=NT_0005_P_00000(__a=NT_0005_P_00001(__a=NT_0005_P_00002(__a=22, __b=NT_0003_P_00002(__a=NT_0000_P_00001(__a=5, __b=80))))))))), __b=NT_0001_P_00001(__a=2))"
2.0,12,13,5,1.6148602962493896,10121,"NT_0007_P_00000(__a=NT_0005_P_00001(__a=NT_0005_P_00000(__a=NT_0005_P_00000(__a=NT_0005_P_00001(__a=NT_0005_P_00000(__a=NT_0005_P_00001(__a=NT_0005_P_00000(__a=NT_0005_P_00001(__a=NT_0005_P_00002(__a=22, __b=NT_0003_P_00002(__a=NT_0000_P_00001(__a=5, __b=80))))))))))), __b=NT_0001_P_00001(__a=2))"
0.0,12,13,6,1.9712436199188232,10121,"NT_0007_P_00000(__a=NT_0005_P_00000(__a=NT_0005_P_00000(__a=NT_0005_P_00001(__a=NT_0005_P_00000(__a=NT_0005_P_00000(__a=NT_0005_P_00001(__a=NT_0005_P_00000(__a=NT_0005_P_00001(__a=NT_0005_P_00002(__a=22, __b=NT_0003_P_00002(__a=NT_0000_P_00001(__a=5, __b=80))))))))))), __b=NT_0001_P_00001(__a=72))"
