Fitness,Depth,Nodes,Generations,time_since_the_start_of_the_evolution,seed,genotype_as_str
2.0,9,9,1,0.19976353645324707,20246,NT_0012_P_00000(__a=NT_0012_P_00000(__a=NT_0012_P_00000(__a=NT_0012_P_00000(__a=NT_0012_P_00000(__a=NT_0012_P_00000(__a=NT_0012_P_00000(__a=NT_0012_P_00000(__a=NT_0012_P_00001(__a=NT_0006_P_00000())))))))))
0.0,9,9,2,0.4520111083984375,20246,NT_0012_P_00000(__a=NT_0012_P_00000(__a=NT_0012_P_00000(__a=NT_0012_P_00000(__a=NT_0012_P_00000(__a=NT_0012_P_00000(__a=NT_0012_P_00000(__a=NT_0012_P_00000(__a=NT_0012_P_00001(__a=NT_0006_P_00002())))))))))
