Fitness,Depth,Nodes,Generations,time_since_the_start_of_the_evolution,seed,genotype_as_str
18.0,3,3,1,0.3684113025665283,10322,NT_0011_P_00004(__a=NT_0006_P_00002(__a=NT_0006_P_00003(__a=82)))
18.0,3,3,2,0.6494009494781494,10322,NT_0011_P_00004(__a=NT_0006_P_00002(__a=NT_0006_P_00003(__a=82)))
18.0,3,3,3,0.9012477397918701,10322,NT_0011_P_00004(__a=NT_0006_P_00002(__a=NT_0006_P_00003(__a=82)))
12.0,6,6,4,1.1350867748260498,10322,NT_0011_P_00004(__a=NT_0006_P_00002(__a=NT_0006_P_00002(__a=NT_0006_P_00002(__a=NT_0006_P_00002(__a=NT_0006_P_00003(__a=82))))))
12.0,6,6,5,1.4449515342712402,10322,NT_0011_P_00004(__a=NT_0006_P_00002(__a=NT_0006_P_00002(__a=NT_0006_P_00002(__a=NT_0006_P_00002(__a=NT_0006_P_00003(__a=82))))))
8.0,8,8,6,1.7518737316131592,10322,NT_0011_P_00004(__a=NT_0006_P_00002(__a=NT_0006_P_00002(__a=NT_0006_P_00002(__a=NT_0006_P_00002(__a=NT_0006_P_00002(__a=NT_0006_P_00002(__a=NT_0006_P_00003(__a=82))))))))
8.0,8,8,7,2.0038294792175293,10322,NT_0011_P_00004(__a=NT_0006_P_00002(__a=NT_0006_P_00002(__a=NT_0006_P_00002(__a=NT_0006_P_00002(__a=NT_0006_P_00002(__a=NT_0006_P_00002(__a=NT_0006_P_00003(__a=82))))))))
4.0,10,10,8,2.370518684387207,10322,NT_0011_P_00004(__a=NT_0006_P_00002(__a=NT_0006_P_00002(__a=NT_0006_P_00002(__a=NT_0006_P_00002(__a=NT_0006_P_00002(__a=NT_0006_P_00002(__a=NT_0006_P_00002(__a=NT_0006_P_00002(__a=NT_0006_P_00003(__a=82))))))))))
0.0,12,12,9,2.661527633666992,10322,NT_0011_P_00004(__a=NT_0006_P_00002(__a=NT_0006_P_00002(__a=NT_0006_P_00002(__a=NT_0006_P_00002(__a=NT_0006_P_00002(__a=NT_0006_P_00002(__a=NT_0006_P_00002(__a=NT_0006_P_00002(__a=NT_0006_P_00002(__a=NT_0006_P_00002(__a=NT_0006_P_00003(__a=82))))))))))))
