Fitness,Depth,Nodes,Generations,time_since_the_start_of_the_evolution,seed,genotype_as_str
21.0,4,4,1,0.12451910972595215,10487,"NT_0010_P_00000(__a=NT_0009_P_00000(__a=38, __b=NT_0009_P_00000(__a=18, __b=NT_0009_P_00000(__a=50, __b=NT_0009_P_00002()))))"
21.0,4,4,2,0.1939396858215332,10487,"NT_0010_P_00000(__a=NT_0009_P_00000(__a=38, __b=NT_0009_P_00000(__a=18, __b=NT_0009_P_00000(__a=50, __b=NT_0009_P_00002()))))"
15.0,6,6,3,0.25773143768310547,10487,"NT_0010_P_00000(__a=NT_0009_P_00000(__a=38, __b=NT_0009_P_00000(__a=18, __b=NT_0009_P_00000(__a=38, __b=NT_0009_P_00000(__a=18, __b=NT_0009_P_00000(__a=50, __b=NT_0009_P_00002()))))))"
15.0,6,6,4,0.3392021656036377,10487,"NT_0010_P_00000(__a=NT_0009_P_00000(__a=38, __b=NT_0009_P_00000(__a=18, __b=NT_0009_P_00000(__a=38, __b=NT_0009_P_00000(__a=18, __b=NT_0009_P_00000(__a=50, __b=NT_0009_P_00002()))))))"
3.0,10,10,5,0.41169214248657227,10487,"NT_0010_P_00000(__a=NT_0009_P_00000(__a=38, __b=NT_0009_P_00000(__a=18, __b=NT_0009_P_00000(__a=38, __b=NT_0009_P_00000(__a=18, __b=NT_0009_P_00000(__a=38, __b=NT_0009_P_00000(__a=18, __b=NT_0009_P_00000(__a=38, __b=NT_0009_P_00000(__a=18, __b=NT_0009_P_00000(__a=50, __b=NT_0009_P_00002()))))))))))"
0.0,11,11,6,0.49698305130004883,10487,"NT_0010_P_00000(__a=NT_0009_P_00000(__a=42, __b=NT_0009_P_00000(__a=38, __b=NT_0009_P_00000(__a=18, __b=NT_0009_P_00000(__a=38, __b=NT_0009_P_00000(__a=18, __b=NT_0009_P_00000(__a=38, __b=NT_0009_P_00000(__a=18, __b=NT_0009_P_00000(__a=38, __b=NT_0009_P_00000(__a=18, __b=NT_0009_P_00000(__a=50, __b=NT_0009_P_00002())))))))))))"
