Fitness,Depth,Nodes,Generations,time_since_the_start_of_the_evolution,seed,genotype_as_str
4.0,10,13,1,0.09167218208312988,814,"NT_0006_P_00000(__a=NT_0003_P_00001(__a=NT_0001_P_00001(), __b=NT_0001_P_00000(__a=NT_0001_P_00000(__a=NT_0001_P_00000(__a=NT_0001_P_00001()))), __c=NT_0001_P_00000(__a=NT_0001_P_00000(__a=NT_0001_P_00000(__a=NT_0001_P_00000(__a=NT_0001_P_00000(__a=NT_0001_P_00000(__a=NT_0001_P_00000(__a=NT_0001_P_00000(__a=NT_0001_P_00001()))))))))))"
2.0,8,16,2,0.19490337371826172,814,"NT_0006_P_00000(__a=NT_0003_P_00001(__a=NT_0001_P_00000(__a=NT_0001_P_00000(__a=NT_0001_P_00000(__a=NT_0001_P_00000(__a=NT_0001_P_00000(__a=NT_0001_P_00001()))))), __b=NT_0001_P_00000(__a=NT_0001_P_00000(__a=NT_0001_P_00000(__a=NT_0001_P_00001()))), __c=NT_0001_P_00000(__a=NT_0001_P_00000(__a=NT_0001_P_00000(__a=NT_0001_P_00000(__a=NT_0001_P_00000(__a=NT_0001_P_00000(__a=NT_0001_P_00001()))))))))"
2.0,8,16,3,0.29308366775512695,814,"NT_0006_P_00000(__a=NT_0003_P_00001(__a=NT_0001_P_00000(__a=NT_0001_P_00000(__a=NT_0001_P_00000(__a=NT_0001_P_00000(__a=NT_0001_P_00000(__a=NT_0001_P_00001()))))), __b=NT_0001_P_00000(__a=NT_0001_P_00000(__a=NT_0001_P_00000(__a=NT_0001_P_00001()))), __c=NT_0001_P_00000(__a=NT_0001_P_00000(__a=NT_0001_P_00000(__a=NT_0001_P_00000(__a=NT_0001_P_00000(__a=NT_0001_P_00000(__a=NT_0001_P_00001()))))))))"
0.0,10,15,4,0.46242642402648926,814,"NT_0006_P_00000(__a=NT_0003_P_00001(__a=NT_0001_P_00000(__a=NT_0001_P_00000(__a=NT_0001_P_00001())), __b=NT_0001_P_00000(__a=NT_0001_P_00000(__a=NT_0001_P_00000(__a=NT_0001_P_00001()))), __c=NT_0001_P_00000(__a=NT_0001_P_00000(__a=NT_0001_P_00000(__a=NT_0001_P_00000(__a=NT_0001_P_00000(__a=NT_0001_P_00000(__a=NT_0001_P_00000(__a=NT_0001_P_00000(__a=NT_0001_P_00001()))))))))))"
