Fitness,Depth,Nodes,Generations,time_since_the_start_of_the_evolution,seed,genotype_as_str
8.0,6,6,1,0.11822938919067383,495,NT_0007_P_00000(__a=NT_0000_P_00003(__a=NT_0000_P_00001(__a=NT_0000_P_00001(__a=NT_0000_P_00001(__a=NT_0000_P_00003(__a=NT_0000_P_00004()))))))
6.0,7,7,2,0.2796361446380615,495,NT_0007_P_00000(__a=NT_0000_P_00003(__a=NT_0000_P_00001(__a=NT_0000_P_00001(__a=NT_0000_P_00001(__a=NT_0000_P_00003(__a=NT_0000_P_00001(__a=NT_0000_P_00002())))))))
2.0,8,8,3,0.4660322666168213,495,NT_0007_P_00000(__a=NT_0000_P_00003(__a=NT_0000_P_00001(__a=NT_0000_P_00001(__a=NT_0000_P_00001(__a=NT_0000_P_00003(__a=NT_0000_P_00003(__a=NT_0000_P_00001(__a=NT_0000_P_00000()))))))))
2.0,8,8,4,0.6649248600006104,495,NT_0007_P_00000(__a=NT_0000_P_00003(__a=NT_0000_P_00001(__a=NT_0000_P_00001(__a=NT_0000_P_00001(__a=NT_0000_P_00003(__a=NT_0000_P_00003(__a=NT_0000_P_00001(__a=NT_0000_P_00000()))))))))
2.0,8,8,5,0.8456060886383057,495,NT_0007_P_00000(__a=NT_0000_P_00003(__a=NT_0000_P_00001(__a=NT_0000_P_00001(__a=NT_0000_P_00001(__a=NT_0000_P_00003(__a=NT_0000_P_00003(__a=NT_0000_P_00001(__a=NT_0000_P_00000()))))))))
2.0,8,8,6,1.0679597854614258,495,NT_0007_P_00000(__a=NT_0000_P_00003(__a=NT_0000_P_00001(__a=NT_0000_P_00001(__a=NT_0000_P_00001(__a=NT_0000_P_00003(__a=NT_0000_P_00003(__a=NT_0000_P_00001(__a=NT_0000_P_00000()))))))))
2.0,8,8,7,1.259291410446167,495,NT_0007_P_00000(__a=NT_0000_P_00003(__a=NT_0000_P_00001(__a=NT_0000_P_00001(__a=NT_0000_P_00001(__a=NT_0000_P_00003(__a=NT_0000_P_00003(__a=NT_0000_P_00001(__a=NT_0000_P_00000()))))))))
2.0,8,8,8,1.433387279510498,495,NT_0007_P_00000(__a=NT_0000_P_00003(__a=NT_0000_P_00001(__a=NT_0000_P_00001(__a=NT_0000_P_00001(__a=NT_0000_P_00003(__a=NT_0000_P_00003(__a=NT_0000_P_00001(__a=NT_0000_P_00000()))))))))
0.0,9,9,9,1.6431422233581543,495,NT_0007_P_00000(__a=NT_0000_P_00003(__a=NT_0000_P_00001(__a=NT_0000_P_00001(__a=NT_0000_P_00001(__a=NT_0000_P_00003(__a=NT_0000_P_00001(__a=NT_0000_P_00003(__a=NT_0000_P_00001(__a=NT_0000_P_00000())))))))))
