Fitness,Depth,Nodes,Generations,time_since_the_start_of_the_evolution,seed,genotype_as_str
12.0,8,8,1,0.1918928623199463,10321,"NT_0019_P_00000(__a=NT_0013_P_00000(), __b=NT_0019_P_00000(__a=NT_0013_P_00000(), __b=NT_0019_P_00000(__a=NT_0013_P_00000(), __b=NT_0019_P_00000(__a=NT_0013_P_00000(), __b=NT_0019_P_00000(__a=NT_0013_P_00000(), __b=NT_0019_P_00000(__a=NT_0013_P_00000(), __b=NT_0019_P_00001(__a=NT_0010_P_00002(__a=False), __b=NT_0003_P_00000())))))))"
4.0,8,8,2,0.4433767795562744,10321,"NT_0019_P_00000(__a=NT_0013_P_00000(), __b=NT_0019_P_00000(__a=NT_0013_P_00000(), __b=NT_0019_P_00000(__a=NT_0013_P_00000(), __b=NT_0019_P_00000(__a=NT_0013_P_00000(), __b=NT_0019_P_00000(__a=NT_0013_P_00000(), __b=NT_0019_P_00000(__a=NT_0013_P_00000(), __b=NT_0019_P_00000(__a=NT_0013_P_00000(), __b=NT_0019_P_00001(__a=NT_0010_P_00001(), __b=NT_0003_P_00000()))))))))"
4.0,8,8,3,0.9564576148986816,10321,"NT_0019_P_00000(__a=NT_0013_P_00000(), __b=NT_0019_P_00000(__a=NT_0013_P_00000(), __b=NT_0019_P_00000(__a=NT_0013_P_00000(), __b=NT_0019_P_00000(__a=NT_0013_P_00000(), __b=NT_0019_P_00000(__a=NT_0013_P_00000(), __b=NT_0019_P_00000(__a=NT_0013_P_00000(), __b=NT_0019_P_00000(__a=NT_0013_P_00000(), __b=NT_0019_P_00001(__a=NT_0010_P_00001(), __b=NT_0003_P_00000()))))))))"
0.0,9,9,4,1.1685240268707275,10321,"NT_0019_P_00000(__a=NT_0013_P_00000(), __b=NT_0019_P_00000(__a=NT_0013_P_00000(), __b=NT_0019_P_00000(__a=NT_0013_P_00000(), __b=NT_0019_P_00000(__a=NT_0013_P_00000(), __b=NT_0019_P_00000(__a=NT_0013_P_00000(), __b=NT_0019_P_00000(__a=NT_0013_P_00000(), __b=NT_0019_P_00000(__a=NT_0013_P_00000(), __b=NT_0019_P_00000(__a=NT_0013_P_00000(), __b=NT_0019_P_00001(__a=NT_0010_P_00001(), __b=NT_0003_P_00000())))))))))"
