Fitness,Depth,Nodes,Generations,time_since_the_start_of_the_evolution,seed,genotype_as_str
4.0,5,9,1,0.2614593505859375,30409,"NT_0018_P_00000(__a=NT_0016_P_00000(__a=NT_0012_P_00000(__a=NT_0010_P_00000()), __b=NT_0012_P_00000(__a=NT_0010_P_00001(__a=False))), __b=NT_0002_P_00000(__a=NT_0001_P_00000(__a=NT_0001_P_00000(__a=NT_0001_P_00001(__a=False)))))"
4.0,5,9,2,0.4305076599121094,30409,"NT_0018_P_00000(__a=NT_0016_P_00000(__a=NT_0012_P_00000(__a=NT_0010_P_00000()), __b=NT_0012_P_00000(__a=NT_0010_P_00001(__a=False))), __b=NT_0002_P_00000(__a=NT_0001_P_00000(__a=NT_0001_P_00000(__a=NT_0001_P_00001(__a=False)))))"
4.0,5,9,3,0.7432782649993896,30409,"NT_0018_P_00000(__a=NT_0016_P_00000(__a=NT_0012_P_00000(__a=NT_0010_P_00000()), __b=NT_0012_P_00000(__a=NT_0010_P_00001(__a=False))), __b=NT_0002_P_00000(__a=NT_0001_P_00000(__a=NT_0001_P_00000(__a=NT_0001_P_00001(__a=False)))))"
4.0,5,9,4,1.049907922744751,30409,"NT_0018_P_00000(__a=NT_0016_P_00000(__a=NT_0012_P_00000(__a=NT_0010_P_00000()), __b=NT_0012_P_00000(__a=NT_0010_P_00001(__a=False))), __b=NT_0002_P_00000(__a=NT_0001_P_00000(__a=NT_0001_P_00000(__a=NT_0001_P_00001(__a=False)))))"
2.0,6,10,5,1.2618160247802734,30409,"NT_0018_P_00000(__a=NT_0016_P_00000(__a=NT_0012_P_00000(__a=NT_0010_P_00001(__a=False)), __b=NT_0012_P_00000(__a=NT_0010_P_00000())), __b=NT_0002_P_00000(__a=NT_0001_P_00000(__a=NT_0001_P_00000(__a=NT_0001_P_00000(__a=NT_0001_P_00001(__a=False))))))"
0.0,7,11,6,1.442002773284912,30409,"NT_0018_P_00000(__a=NT_0016_P_00000(__a=NT_0012_P_00000(__a=NT_0010_P_00001(__a=False)), __b=NT_0012_P_00000(__a=NT_0010_P_00000())), __b=NT_0002_P_00000(__a=NT_0001_P_00000(__a=NT_0001_P_00000(__a=NT_0001_P_00000(__a=NT_0001_P_00000(__a=NT_0001_P_00001(__a=True)))))))"
