Fitness,Depth,Nodes,Generations,time_since_the_start_of_the_evolution,seed,genotype_as_str
12.0,7,7,1,0.5505211353302002,777,"NT_0009_P_00003(__a=NT_0003_P_00003(__a=NT_0003_P_00003(__a=NT_0003_P_00000(__a=NT_0003_P_00003(__a=NT_0003_P_00003(__a=NT_0003_P_00002(__a=NT_0001_P_00000())))))), __b=NT_0002_P_00005())"
10.0,6,8,2,0.966057538986206,777,"NT_0009_P_00003(__a=NT_0003_P_00003(__a=NT_0003_P_00003(__a=NT_0003_P_00003(__a=NT_0003_P_00003(__a=NT_0003_P_00002(__a=NT_0001_P_00000()))))), __b=NT_0002_P_00004(__a=NT_0002_P_00004(__a=NT_0002_P_00005())))"
6.0,8,10,3,1.3035001754760742,777,"NT_0009_P_00003(__a=NT_0003_P_00003(__a=NT_0003_P_00003(__a=NT_0003_P_00003(__a=NT_0003_P_00000(__a=NT_0003_P_00000(__a=NT_0003_P_00000(__a=NT_0003_P_00002(__a=NT_0001_P_00000()))))))), __b=NT_0002_P_00004(__a=NT_0002_P_00004(__a=NT_0002_P_00005())))"
6.0,8,10,4,1.5220816135406494,777,"NT_0009_P_00003(__a=NT_0003_P_00003(__a=NT_0003_P_00003(__a=NT_0003_P_00003(__a=NT_0003_P_00000(__a=NT_0003_P_00000(__a=NT_0003_P_00000(__a=NT_0003_P_00002(__a=NT_0001_P_00000()))))))), __b=NT_0002_P_00004(__a=NT_0002_P_00004(__a=NT_0002_P_00005())))"
0.0,11,13,5,1.7879629135131836,777,"NT_0009_P_00003(__a=NT_0003_P_00003(__a=NT_0003_P_00003(__a=NT_0003_P_00000(__a=NT_0003_P_00003(__a=NT_0003_P_00003(__a=NT_0003_P_00003(__a=NT_0003_P_00000(__a=NT_0003_P_00000(__a=NT_0003_P_00000(__a=NT_0003_P_00002(__a=NT_0001_P_00000())))))))))), __b=NT_0002_P_00004(__a=NT_0002_P_00004(__a=NT_0002_P_00005())))"
