Fitness,Depth,Nodes,Generations,time_since_the_start_of_the_evolution,seed,genotype_as_str
2.0,6,8,1,0.30162763595581055,30706,"NT_0010_P_00001(__a=NT_0006_P_00003(__a=NT_0003_P_00003(__a=NT_0003_P_00002(__a=NT_0002_P_00003(__a=NT_0001_P_00000(__a=False, __b=81, __c=True)), __b=NT_0000_P_00000(__a=True))), __b=NT_0000_P_00000(__a=True)))"
2.0,5,7,2,0.5464086532592773,30706,"NT_0010_P_00001(__a=NT_0006_P_00003(__a=NT_0003_P_00002(__a=NT_0002_P_00003(__a=NT_0001_P_00000(__a=True, __b=59, __c=True)), __b=NT_0000_P_00002(__a=95)), __b=NT_0000_P_00000(__a=False)))"
1.0,4,6,3,0.8875455856323242,30706,"NT_0010_P_00000(__a=False, __b=NT_0009_P_00000(__a=NT_0006_P_00000(__a=NT_0004_P_00001(__a=NT_0002_P_00000())), __b=NT_0003_P_00002(__a=NT_0002_P_00000(), __b=NT_0000_P_00002(__a=20))))"
1.0,4,6,4,1.180098533630371,30706,"NT_0010_P_00000(__a=False, __b=NT_0009_P_00000(__a=NT_0006_P_00000(__a=NT_0004_P_00001(__a=NT_0002_P_00000())), __b=NT_0003_P_00002(__a=NT_0002_P_00000(), __b=NT_0000_P_00002(__a=20))))"
1.0,4,6,5,1.3810136318206787,30706,"NT_0010_P_00000(__a=False, __b=NT_0009_P_00000(__a=NT_0006_P_00000(__a=NT_0004_P_00001(__a=NT_0002_P_00000())), __b=NT_0003_P_00002(__a=NT_0002_P_00000(), __b=NT_0000_P_00002(__a=20))))"
1.0,4,6,6,1.7384257316589355,30706,"NT_0010_P_00000(__a=False, __b=NT_0009_P_00000(__a=NT_0006_P_00000(__a=NT_0004_P_00001(__a=NT_0002_P_00000())), __b=NT_0003_P_00002(__a=NT_0002_P_00000(), __b=NT_0000_P_00002(__a=20))))"
0.0,7,16,7,2.0527753829956055,30706,"NT_0010_P_00000(__a=True, __b=NT_0009_P_00001(__a=NT_0000_P_00002(__a=41), __b=NT_0005_P_00001(__a=NT_0005_P_00001(__a=NT_0005_P_00001(__a=NT_0005_P_00003(__a=NT_0001_P_00000(__a=False, __b=18, __c=True)), __b=NT_0004_P_00000(__a=NT_0002_P_00001(__a=59))), __b=NT_0004_P_00001(__a=NT_0002_P_00002(__a=False, __b=NT_0001_P_00000(__a=True, __b=100, __c=True), __c=False))), __b=NT_0004_P_00000(__a=NT_0002_P_00003(__a=NT_0001_P_00000(__a=True, __b=98, __c=True)))), __c=69))"
