Fitness,Depth,Nodes,Generations,time_since_the_start_of_the_evolution,seed,genotype_as_str
2.0,1,1,1,0.6185262203216553,70233,NT_0005_P_00003(__a=NT_0002_P_00003())
2.0,1,1,2,1.2964048385620117,70233,NT_0005_P_00003(__a=NT_0002_P_00003())
0.0,1,1,3,1.7794599533081055,70233,NT_0005_P_00003(__a=NT_0002_P_00004())
