Fitness,Depth,Nodes,Generations,time_since_the_start_of_the_evolution,seed,genotype_as_str
2.0,1,1,1,0.30380964279174805,70233,NT_0005_P_00003(__a=NT_0002_P_00003())
2.0,1,1,2,0.9954445362091064,70233,NT_0005_P_00003(__a=NT_0002_P_00003())
2.0,1,1,3,1.3625106811523438,70233,NT_0005_P_00003(__a=NT_0002_P_00003())
0.0,1,1,4,1.9658217430114746,70233,NT_0005_P_00003(__a=NT_0002_P_00004())
