Fitness,Depth,Nodes,Generations,time_since_the_start_of_the_evolution,seed,genotype_as_str
12.0,10,10,1,0.14024019241333008,10846,"NT_0007_P_00000(__a=NT_0007_P_00000(__a=NT_0007_P_00000(__a=NT_0007_P_00000(__a=NT_0007_P_00000(__a=NT_0007_P_00000(__a=NT_0007_P_00001(__a=NT_0005_P_00000(__a=NT_0004_P_00000(__a=NT_0000_P_00000(__a=45, __b=34))))))))))"
12.0,10,10,2,0.27699851989746094,10846,"NT_0007_P_00000(__a=NT_0007_P_00000(__a=NT_0007_P_00000(__a=NT_0007_P_00000(__a=NT_0007_P_00000(__a=NT_0007_P_00000(__a=NT_0007_P_00001(__a=NT_0005_P_00000(__a=NT_0004_P_00000(__a=NT_0000_P_00000(__a=45, __b=34))))))))))"
8.0,12,12,3,0.4522073268890381,10846,"NT_0007_P_00000(__a=NT_0007_P_00000(__a=NT_0007_P_00000(__a=NT_0007_P_00000(__a=NT_0007_P_00000(__a=NT_0007_P_00000(__a=NT_0007_P_00000(__a=NT_0007_P_00000(__a=NT_0007_P_00001(__a=NT_0005_P_00000(__a=NT_0004_P_00000(__a=NT_0000_P_00000(__a=48, __b=60))))))))))))"
2.0,15,15,4,0.6381888389587402,10846,"NT_0007_P_00000(__a=NT_0007_P_00000(__a=NT_0007_P_00000(__a=NT_0007_P_00000(__a=NT_0007_P_00000(__a=NT_0007_P_00000(__a=NT_0007_P_00000(__a=NT_0007_P_00000(__a=NT_0007_P_00000(__a=NT_0007_P_00000(__a=NT_0007_P_00000(__a=NT_0007_P_00001(__a=NT_0005_P_00000(__a=NT_0004_P_00000(__a=NT_0000_P_00000(__a=16, __b=58)))))))))))))))"
0.0,16,16,5,0.8615479469299316,10846,"NT_0007_P_00000(__a=NT_0007_P_00000(__a=NT_0007_P_00000(__a=NT_0007_P_00000(__a=NT_0007_P_00000(__a=NT_0007_P_00000(__a=NT_0007_P_00000(__a=NT_0007_P_00000(__a=NT_0007_P_00000(__a=NT_0007_P_00000(__a=NT_0007_P_00000(__a=NT_0007_P_00000(__a=NT_0007_P_00001(__a=NT_0005_P_00000(__a=NT_0004_P_00000(__a=NT_0000_P_00000(__a=45, __b=34))))))))))))))))"
