Fitness,Depth,Nodes,Generations,time_since_the_start_of_the_evolution,seed,genotype_as_str
4.0,6,6,1,0.21263480186462402,376,NT_0014_P_00000(__a=NT_0014_P_00000(__a=NT_0014_P_00000(__a=NT_0014_P_00000(__a=NT_0014_P_00000(__a=NT_0014_P_00001(__a=NT_0013_P_00000()))))))
4.0,6,6,2,0.462705135345459,376,NT_0014_P_00000(__a=NT_0014_P_00000(__a=NT_0014_P_00000(__a=NT_0014_P_00000(__a=NT_0014_P_00000(__a=NT_0014_P_00001(__a=NT_0013_P_00000()))))))
2.0,6,6,3,0.7388300895690918,376,NT_0014_P_00000(__a=NT_0014_P_00000(__a=NT_0014_P_00000(__a=NT_0014_P_00000(__a=NT_0014_P_00000(__a=NT_0014_P_00001(__a=NT_0013_P_00002()))))))
2.0,6,6,4,1.0347013473510742,376,NT_0014_P_00000(__a=NT_0014_P_00000(__a=NT_0014_P_00000(__a=NT_0014_P_00000(__a=NT_0014_P_00000(__a=NT_0014_P_00001(__a=NT_0013_P_00002()))))))
0.0,7,7,5,1.3248052597045898,376,NT_0014_P_00000(__a=NT_0014_P_00000(__a=NT_0014_P_00000(__a=NT_0014_P_00000(__a=NT_0014_P_00000(__a=NT_0014_P_00000(__a=NT_0014_P_00001(__a=NT_0013_P_00002())))))))
