Fitness,Depth,Nodes,Generations,time_since_the_start_of_the_evolution,seed,genotype_as_str
4.0,2,2,1,0.07059621810913086,10985,"NT_0017_P_00003(__a=NT_0004_P_00000(__a=40, __b=True))"
3.0,1,1,2,0.21339201927185059,10985,NT_0017_P_00003(__a=NT_0004_P_00007())
0.0,2,2,3,0.30257439613342285,10985,NT_0017_P_00003(__a=NT_0004_P_00003(__a=45))
