Fitness,Depth,Nodes,Generations,time_since_the_start_of_the_evolution,seed,genotype_as_str
8.0,8,8,1,0.27848315238952637,30592,"NT_0012_P_00000(__a=3, __b=NT_0012_P_00000(__a=61, __b=NT_0012_P_00000(__a=90, __b=NT_0012_P_00000(__a=56, __b=NT_0012_P_00000(__a=3, __b=NT_0012_P_00001(__a=NT_0006_P_00000(__a=NT_0001_P_00001(__a=NT_0001_P_00000()), __b=45), __b=False))))))"
8.0,8,8,2,0.45781540870666504,30592,"NT_0012_P_00000(__a=3, __b=NT_0012_P_00000(__a=61, __b=NT_0012_P_00000(__a=90, __b=NT_0012_P_00000(__a=56, __b=NT_0012_P_00000(__a=3, __b=NT_0012_P_00001(__a=NT_0006_P_00000(__a=NT_0001_P_00001(__a=NT_0001_P_00000()), __b=45), __b=False))))))"
6.0,7,7,3,0.7380509376525879,30592,"NT_0012_P_00000(__a=3, __b=NT_0012_P_00000(__a=61, __b=NT_0012_P_00000(__a=90, __b=NT_0012_P_00000(__a=56, __b=NT_0012_P_00000(__a=3, __b=NT_0012_P_00001(__a=NT_0006_P_00000(__a=NT_0001_P_00000(), __b=91), __b=True))))))"
0.0,9,9,4,1.0527369976043701,30592,"NT_0012_P_00000(__a=3, __b=NT_0012_P_00000(__a=61, __b=NT_0012_P_00000(__a=90, __b=NT_0012_P_00000(__a=88, __b=NT_0012_P_00000(__a=51, __b=NT_0012_P_00000(__a=24, __b=NT_0012_P_00000(__a=96, __b=NT_0012_P_00001(__a=NT_0006_P_00000(__a=NT_0001_P_00000(), __b=84), __b=True))))))))"
