Fitness,Depth,Nodes,Generations,time_since_the_start_of_the_evolution,seed,genotype_as_str
6.0,6,6,1,0.058011531829833984,10697,"NT_0004_P_00000(__a=NT_0003_P_00000(), __b=NT_0003_P_00001(__a=NT_0002_P_00003(__a=NT_0002_P_00003(__a=NT_0002_P_00003(__a=NT_0002_P_00004(__a=False, __b=87)))), __b=92))"
6.0,6,6,2,0.10605096817016602,10697,"NT_0004_P_00000(__a=NT_0003_P_00001(__a=NT_0002_P_00003(__a=NT_0002_P_00003(__a=NT_0002_P_00003(__a=NT_0002_P_00004(__a=True, __b=52)))), __b=69), __b=NT_0003_P_00000())"
6.0,6,6,3,0.15012526512145996,10697,"NT_0004_P_00000(__a=NT_0003_P_00001(__a=NT_0002_P_00003(__a=NT_0002_P_00003(__a=NT_0002_P_00003(__a=NT_0002_P_00004(__a=True, __b=52)))), __b=69), __b=NT_0003_P_00000())"
6.0,6,6,4,0.21044135093688965,10697,"NT_0004_P_00000(__a=NT_0003_P_00001(__a=NT_0002_P_00003(__a=NT_0002_P_00003(__a=NT_0002_P_00003(__a=NT_0002_P_00004(__a=True, __b=52)))), __b=69), __b=NT_0003_P_00000())"
2.0,8,8,5,0.2816352844238281,10697,"NT_0004_P_00000(__a=NT_0003_P_00000(), __b=NT_0003_P_00001(__a=NT_0002_P_00003(__a=NT_0002_P_00003(__a=NT_0002_P_00003(__a=NT_0002_P_00003(__a=NT_0002_P_00003(__a=NT_0002_P_00004(__a=False, __b=51)))))), __b=92))"
2.0,8,8,6,0.33522725105285645,10697,"NT_0004_P_00000(__a=NT_0003_P_00000(), __b=NT_0003_P_00001(__a=NT_0002_P_00003(__a=NT_0002_P_00003(__a=NT_0002_P_00003(__a=NT_0002_P_00003(__a=NT_0002_P_00003(__a=NT_0002_P_00004(__a=False, __b=51)))))), __b=92))"
2.0,8,8,7,0.4286940097808838,10697,"NT_0004_P_00000(__a=NT_0003_P_00000(), __b=NT_0003_P_00001(__a=NT_0002_P_00003(__a=NT_0002_P_00003(__a=NT_0002_P_00003(__a=NT_0002_P_00003(__a=NT_0002_P_00003(__a=NT_0002_P_00004(__a=False, __b=51)))))), __b=92))"
2.0,8,8,8,0.506929874420166,10697,"NT_0004_P_00000(__a=NT_0003_P_00000(), __b=NT_0003_P_00001(__a=NT_0002_P_00003(__a=NT_0002_P_00003(__a=NT_0002_P_00003(__a=NT_0002_P_00003(__a=NT_0002_P_00003(__a=NT_0002_P_00004(__a=False, __b=51)))))), __b=92))"
0.0,9,9,9,0.5970759391784668,10697,"NT_0004_P_00000(__a=NT_0003_P_00000(), __b=NT_0003_P_00001(__a=NT_0002_P_00003(__a=NT_0002_P_00003(__a=NT_0002_P_00003(__a=NT_0002_P_00003(__a=NT_0002_P_00003(__a=NT_0002_P_00003(__a=NT_0002_P_00004(__a=False, __b=39))))))), __b=92))"
