Fitness,Depth,Nodes,Generations,time_since_the_start_of_the_evolution,seed,genotype_as_str
2.0,6,6,1,0.08791112899780273,20130,"NT_0009_P_00000(__a=NT_0002_P_00000(__a=NT_0000_P_00003(__a=NT_0000_P_00003(__a=NT_0000_P_00000(__a=False, __b=NT_0000_P_00003(__a=NT_0000_P_00001(), __b=1)), __b=25), __b=4), __b=NT_0002_P_00001()))"
2.0,6,6,2,0.1989762783050537,20130,"NT_0009_P_00000(__a=NT_0002_P_00000(__a=NT_0000_P_00003(__a=NT_0000_P_00003(__a=NT_0000_P_00000(__a=False, __b=NT_0000_P_00003(__a=NT_0000_P_00001(), __b=1)), __b=25), __b=4), __b=NT_0002_P_00001()))"
2.0,6,6,3,0.3328986167907715,20130,"NT_0009_P_00000(__a=NT_0002_P_00000(__a=NT_0000_P_00003(__a=NT_0000_P_00003(__a=NT_0000_P_00000(__a=False, __b=NT_0000_P_00003(__a=NT_0000_P_00001(), __b=1)), __b=25), __b=4), __b=NT_0002_P_00001()))"
2.0,6,6,4,0.46620655059814453,20130,"NT_0009_P_00000(__a=NT_0002_P_00000(__a=NT_0000_P_00003(__a=NT_0000_P_00003(__a=NT_0000_P_00000(__a=False, __b=NT_0000_P_00003(__a=NT_0000_P_00001(), __b=1)), __b=25), __b=4), __b=NT_0002_P_00001()))"
0.0,9,9,5,0.6275358200073242,20130,"NT_0009_P_00000(__a=NT_0002_P_00000(__a=NT_0000_P_00003(__a=NT_0000_P_00003(__a=NT_0000_P_00000(__a=False, __b=NT_0000_P_00003(__a=NT_0000_P_00003(__a=NT_0000_P_00000(__a=False, __b=NT_0000_P_00003(__a=NT_0000_P_00001(), __b=1)), __b=25), __b=4)), __b=25), __b=4), __b=NT_0002_P_00001()))"
