Fitness,Depth,Nodes,Generations,time_since_the_start_of_the_evolution,seed,genotype_as_str
13.0,6,6,1,0.41947340965270996,30608,"NT_0014_P_00004(__a=37, __b=NT_0014_P_00004(__a=65, __b=NT_0014_P_00004(__a=70, __b=NT_0014_P_00000(__a=NT_0001_P_00001(__a=NT_0000_P_00001(__a=False))))))"
9.0,4,4,2,0.8308670520782471,30608,"NT_0014_P_00004(__a=64, __b=NT_0014_P_00004(__a=55, __b=NT_0014_P_00004(__a=66, __b=NT_0014_P_00000(__a=NT_0001_P_00000()))))"
9.0,4,4,3,1.3519320487976074,30608,"NT_0014_P_00004(__a=64, __b=NT_0014_P_00004(__a=55, __b=NT_0014_P_00004(__a=66, __b=NT_0014_P_00000(__a=NT_0001_P_00000()))))"
3.0,6,6,4,1.8633828163146973,30608,"NT_0014_P_00004(__a=37, __b=NT_0014_P_00004(__a=65, __b=NT_0014_P_00004(__a=70, __b=NT_0014_P_00004(__a=64, __b=NT_0014_P_00004(__a=55, __b=NT_0014_P_00000(__a=NT_0001_P_00000()))))))"
0.0,7,7,5,2.5345842838287354,30608,"NT_0014_P_00004(__a=37, __b=NT_0014_P_00004(__a=65, __b=NT_0014_P_00004(__a=70, __b=NT_0014_P_00004(__a=70, __b=NT_0014_P_00004(__a=34, __b=NT_0014_P_00004(__a=32, __b=NT_0014_P_00000(__a=NT_0001_P_00000())))))))"
